CREATE DATABASE QuanLyTrungTamEco;
USE QuanLyTrungTamEco

CREATE TABLE CoSo (
	MaCS varchar(10) PRIMARY KEY NOT NULL,
	TenCS nvarchar(100) NOT NULL,
	DiaChi nvarchar(200) NOT NULL,
	MaQL varchar(10),
)

UPDATE CoSo SET MaQL = 'QL001' WHERE MaCS = 'CS0001';
UPDATE CoSo SET MaQL = 'QL002' WHERE MaCS = 'CS0002';
UPDATE CoSo SET MaQL = 'QL003' WHERE MaCS = 'CS0003';
UPDATE CoSo SET MaQL = 'QL004' WHERE MaCS = 'CS0004';
UPDATE CoSo SET MaQL = 'QL005' WHERE MaCS = 'CS0005';
UPDATE CoSo SET MaQL = 'QL006' WHERE MaCS = 'CS0006';


CREATE TABLE PhongHoc (
	MaPH varchar(10) PRIMARY KEY NOT NULL,
	MaCS varchar(10) NOT NULL,
	TenPH nvarchar(20) NOT NULL,
	CONSTRAINT fk_PhongHoc_Coso FOREIGN KEY(MaCS) REFERENCES CoSo(MaCS)
)

ALTER TABLE PhongHoc ALTER COLUMN TenPH nvarchar(255)

CREATE TABLE NhanVien (
	MaNV varchar(10) PRIMARY KEY NOT NULL,
	MaCS varchar(10) NOT NULL,
	HoTen nvarchar(50) NOT NULL,
	NgaySinh date,
	SĐT varchar(10) NOT NULL,
	ChucVu nvarchar(50) NOT NULL,
	TrinhDo nvarchar(50),
	Luong int NOT NULL,
	CONSTRAINT fk_NhanVien_Coso FOREIGN KEY(MaCS) REFERENCES CoSo(MaCS)
)

CREATE TABLE HocVien (
	MaHV varchar(10) PRIMARY KEY NOT NULL,
	HoTen nvarchar(50) NOT NULL,
	GioiTinh varchar(10) NOT NULL,
	NgaySinh date,
	QueQuan nvarchar(50) NOT NULL,
	SĐT varchar(10) NOT NULL,
	TrangThai nvarchar(100),
)


CREATE TABLE KhoaHoc (
	MaKH varchar(10) PRIMARY KEY NOT NULL,
	TenKH nvarchar(50) NOT NULL,
	SoBuoi int,
	HocPhi int NOT NULL,
)

CREATE TABLE GiaoTrinh (
	MaGT varchar(10) PRIMARY KEY NOT NULL,
	TieuDe nvarchar(30) NOT NULL,
	MaKH varchar(10) NOT NULL,
	CONSTRAINT fk_GiaoTrinh_KhoaHoc FOREIGN KEY(MaKH) REFERENCES KhoaHoc(MaKH)
)


CREATE TABLE LopHoc (
	MaLH varchar(10) PRIMARY KEY NOT NULL,
	MaKH varchar(10) NOT NULL,
	MaNV varchar(10) NOT NULL,
	TenLH nvarchar(50) NOT NULL,
	CONSTRAINT fk_LopHoc_KhoaHoc FOREIGN KEY(MaKH) REFERENCES KhoaHoc(MaKH),
	CONSTRAINT fk_GiaoVien_LopHoc FOREIGN KEY(MaNV) REFERENCES NhanVien(MaNV)
)



CREATE TABLE TietHoc (
	MaTH varchar(10) PRIMARY KEY NOT NULL,
	MaLH varchar(10) NOT NULL,
	MaPH varchar(10) NOT NULL,
	MaTG varchar(10) NOT NULL,
	ThoiGian datetime,
	TrangThai varchar(20),
	CONSTRAINT fk_TietHoc_LopHoc FOREIGN KEY(MaLH) REFERENCES LopHoc(MaLH),
	CONSTRAINT fk_TietHoc_PhongHoc FOREIGN KEY(MaPH) REFERENCES PhongHoc(MaPH),
	CONSTRAINT fk_TietHoc_NhanVien FOREIGN KEY(MaTG) REFERENCES NhanVien(MaNV)
) 

CREATE TABLE HopDong (
	MaHD varchar(10) PRIMARY KEY NOT NULL,
	MaHV varchar(10) NOT NULL,
	MaNV varchar(10) NOT NULL,
	HinhThucThanhToan nvarchar(50),
	ThoiGian datetime,
	CONSTRAINT fk_HopDong_HocVien FOREIGN KEY(MaHV) REFERENCES HocVien(MaHV),
	CONSTRAINT fk_HopDong_NhanVien FOREIGN KEY(MaNV) REFERENCES NhanVien(MaNV),
)

CREATE TABLE ChiTietHD (
	MaHD varchar(10) NOT NULL,
	MaLH varchar(10) NOT NULL,
	SoTien int,
	KhuyenMai nvarchar(100),
	CONSTRAINT fk_ChiTietHD_LopHoc FOREIGN KEY(MaLH) REFERENCES LopHoc(MaLH),
	CONSTRAINT fk_ChiTietHD_HopDong FOREIGN KEY(MaHD) REFERENCES HopDong(MaHD),
)


GO
INSERT INTO [dbo].[CoSo] ([MaCS],[TenCS],[DiaChi],[MaQL]) VALUES ('CS0001', N'Eco Liễu Giai', N'05 Liễu Giai, Quận Ba Đình, Hà Nội',Default)
INSERT INTO [dbo].[CoSo] ([MaCS],[TenCS],[DiaChi],[MaQL]) VALUES ('CS0002', N'Eco Xuân Diệu', N'107A & 111 Xuân Diệu, Quận Tây Hồ, Hà Nội',Default)
INSERT INTO [dbo].[CoSo] ([MaCS],[TenCS],[DiaChi],[MaQL]) VALUES ('CS0003', N'Eco Time City', N'Tầng 2, T05 Times City, Quận Hai Bà Trưng, Hà Nội',Default)
INSERT INTO [dbo].[CoSo] ([MaCS],[TenCS],[DiaChi],[MaQL]) VALUES ('CS0004', N'Eco Ocean Park', N'Shophouse NT06 - 144 - 146, Vinhomes Ocean Park, Gia Lâm',Default)
INSERT INTO [dbo].[CoSo] ([MaCS],[TenCS],[DiaChi],[MaQL]) VALUES ('CS0005', N'Eco Nguyễn Văn Lượng', N'314-316 Nguyễn Văn Lượng, P.16, Quận Gò Vấp',Default)
INSERT INTO [dbo].[CoSo] ([MaCS],[TenCS],[DiaChi],[MaQL]) VALUES ('CS0006', N'Eco Phạm Ngọc Thạch', N'Tầng 1-4, 58 Phạm Ngọc Thạch, P. Võ Thị Sáu, Quận 3',Default)

GO 
INSERT INTO [dbo].[PhongHoc] ([MaPH],[TenPH],[MaCS]) VALUES ('MP001', 'Speaking room', 'CS0001')
INSERT INTO [dbo].[PhongHoc] ([MaPH],[TenPH],[MaCS]) VALUES ('MP002', 'listening room', 'CS0001')
INSERT INTO [dbo].[PhongHoc] ([MaPH],[TenPH],[MaCS]) VALUES ('MP003', 'coaching room', 'CS0001')
INSERT INTO [dbo].[PhongHoc] ([MaPH],[TenPH],[MaCS]) VALUES ('MP004', 'general room 1', 'CS0001')
INSERT INTO [dbo].[PhongHoc] ([MaPH],[TenPH],[MaCS]) VALUES ('MP005', 'general room 2', 'CS0001')
INSERT INTO [dbo].[PhongHoc] ([MaPH],[TenPH],[MaCS]) VALUES ('MP006', 'general room 3', 'CS0001')
INSERT INTO [dbo].[PhongHoc] ([MaPH],[TenPH],[MaCS]) VALUES ('MP007', 'Speaking room', 'CS0002')
INSERT INTO [dbo].[PhongHoc] ([MaPH],[TenPH],[MaCS]) VALUES ('MP008', 'listening room', 'CS0002')
INSERT INTO [dbo].[PhongHoc] ([MaPH],[TenPH],[MaCS]) VALUES ('MP009', 'coaching room', 'CS0002')
INSERT INTO [dbo].[PhongHoc] ([MaPH],[TenPH],[MaCS]) VALUES ('MP010', 'general room 1', 'CS0002')
INSERT INTO [dbo].[PhongHoc] ([MaPH],[TenPH],[MaCS]) VALUES ('MP011', 'general room 2', 'CS0002')
INSERT INTO [dbo].[PhongHoc] ([MaPH],[TenPH],[MaCS]) VALUES ('MP012', 'speaking room', 'CS0003')
INSERT INTO [dbo].[PhongHoc] ([MaPH],[TenPH],[MaCS]) VALUES ('MP013', 'listening room', 'CS0003')
INSERT INTO [dbo].[PhongHoc] ([MaPH],[TenPH],[MaCS]) VALUES ('MP014', 'coaching room', 'CS0003')
INSERT INTO [dbo].[PhongHoc] ([MaPH],[TenPH],[MaCS]) VALUES ('MP015', 'general room 1', 'CS0003')
INSERT INTO [dbo].[PhongHoc] ([MaPH],[TenPH],[MaCS]) VALUES ('MP016', 'general room 2', 'CS0003')
INSERT INTO [dbo].[PhongHoc] ([MaPH],[TenPH],[MaCS]) VALUES ('MP017', 'general room 3', 'CS0003')
INSERT INTO [dbo].[PhongHoc] ([MaPH],[TenPH],[MaCS]) VALUES ('MP018', 'general room 4', 'CS0003')
INSERT INTO [dbo].[PhongHoc] ([MaPH],[TenPH],[MaCS]) VALUES ('MP019', 'Speaking room', 'CS0004')
INSERT INTO [dbo].[PhongHoc] ([MaPH],[TenPH],[MaCS]) VALUES ('MP020', 'listening room', 'CS0004')
INSERT INTO [dbo].[PhongHoc] ([MaPH],[TenPH],[MaCS]) VALUES ('MP021', 'coaching room', 'CS0004')
INSERT INTO [dbo].[PhongHoc] ([MaPH],[TenPH],[MaCS]) VALUES ('MP022', 'general room 1', 'CS0004')
INSERT INTO [dbo].[PhongHoc] ([MaPH],[TenPH],[MaCS]) VALUES ('MP023', 'general room 2', 'CS0004')
INSERT INTO [dbo].[PhongHoc] ([MaPH],[TenPH],[MaCS]) VALUES ('MP024', 'general room 3', 'CS0004')
INSERT INTO [dbo].[PhongHoc] ([MaPH],[TenPH],[MaCS]) VALUES ('MP025', 'Speaking room', 'CS0005')
INSERT INTO [dbo].[PhongHoc] ([MaPH],[TenPH],[MaCS]) VALUES ('MP026', 'listening room', 'CS0005')
INSERT INTO [dbo].[PhongHoc] ([MaPH],[TenPH],[MaCS]) VALUES ('MP027', 'coaching room', 'CS0005')
INSERT INTO [dbo].[PhongHoc] ([MaPH],[TenPH],[MaCS]) VALUES ('MP028', 'general room 1', 'CS0005')
INSERT INTO [dbo].[PhongHoc] ([MaPH],[TenPH],[MaCS]) VALUES ('MP029', 'general room 2', 'CS0005')
INSERT INTO [dbo].[PhongHoc] ([MaPH],[TenPH],[MaCS]) VALUES ('MP030', 'general room 3', 'CS0005')
INSERT INTO [dbo].[PhongHoc] ([MaPH],[TenPH],[MaCS]) VALUES ('MP031', 'Speaking room', 'CS0006')
INSERT INTO [dbo].[PhongHoc] ([MaPH],[TenPH],[MaCS]) VALUES ('MP032', 'listening room', 'CS0006')
INSERT INTO [dbo].[PhongHoc] ([MaPH],[TenPH],[MaCS]) VALUES ('MP033', 'coaching room', 'CS0006')
INSERT INTO [dbo].[PhongHoc] ([MaPH],[TenPH],[MaCS]) VALUES ('MP034', 'general room 1', 'CS0006')
INSERT INTO [dbo].[PhongHoc] ([MaPH],[TenPH],[MaCS]) VALUES ('MP035', 'general room 2', 'CS0006')


GO
INSERT INTO [dbo].[NhanVien] ([MaNV],[MaCS],[HoTen],[NgaySinh],[SĐT],[ChucVu],[TrinhDo],[Luong]) VALUES ('QL001','CS0001',N'Hoàng Thị Dung','1988-03-03','0918791234',N'Quản Lý',NULL,20000000)
INSERT INTO [dbo].[NhanVien] ([MaNV],[MaCS],[HoTen],[NgaySinh],[SĐT],[ChucVu],[TrinhDo],[Luong]) VALUES ('KT001','CS0001',N'Trần Thị Thảo','1995-03-15','0901234567',N'Kế toán',NULL,10000000)
INSERT INTO [dbo].[NhanVien] ([MaNV],[MaCS],[HoTen],[NgaySinh],[SĐT],[ChucVu],[TrinhDo],[Luong]) VALUES ('NV002','CS0001',N'Vũ Minh Long','1993-09-25','0978542156',N'Nhân viên văn phong',NULL,7000000)
INSERT INTO [dbo].[NhanVien] ([MaNV],[MaCS],[HoTen],[NgaySinh],[SĐT],[ChucVu],[TrinhDo],[Luong]) VALUES ('SL004','CS0001',N'Ngô Quốc Đạt','2001-05-06','0978613245',N'Sale',NULL,4000000)
INSERT INTO [dbo].[NhanVien] ([MaNV],[MaCS],[HoTen],[NgaySinh],[SĐT],[ChucVu],[TrinhDo],[Luong]) VALUES ('SL005','CS0001',N'Bùi Anh Tú','2002-08-16','0965439127',N'Sale',NULL,4000000)
INSERT INTO [dbo].[NhanVien] ([MaNV],[MaCS],[HoTen],[NgaySinh],[SĐT],[ChucVu],[TrinhDo],[Luong]) VALUES ('SL006','CS0001',N'Hà Thị Thảo','2000-05-01','0954784267',N'Sale',NULL,4000000)
INSERT INTO [dbo].[NhanVien] ([MaNV],[MaCS],[HoTen],[NgaySinh],[SĐT],[ChucVu],[TrinhDo],[Luong]) VALUES ('TG001','CS0001',N'Hồ Thị Thu Hoài','1999-09-15','0974176823',N'Trợ Giảng','6.5 IELTS',5000000)
INSERT INTO [dbo].[NhanVien] ([MaNV],[MaCS],[HoTen],[NgaySinh],[SĐT],[ChucVu],[TrinhDo],[Luong]) VALUES ('TG002','CS0001',N'Bùi Quốc Huy','2001-07-29','0931245735',N'Trợ Giảng','850 TOEIC',5000000)
INSERT INTO [dbo].[NhanVien] ([MaNV],[MaCS],[HoTen],[NgaySinh],[SĐT],[ChucVu],[TrinhDo],[Luong]) VALUES ('TE001','CS0001',N'Trần Xuân Phương','1993-12-24','0982134577',N'Kĩ thuật viên',NULL,3000000)
INSERT INTO [dbo].[NhanVien] ([MaNV],[MaCS],[HoTen],[NgaySinh],[SĐT],[ChucVu],[TrinhDo],[Luong]) VALUES ('PE001','CS0001',N'Hà Anh Tuấn','1991-06-29','0985412761',N'Chuyên viên tư vấn học vấn',NULL,5000000)
INSERT INTO [dbo].[NhanVien] ([MaNV],[MaCS],[HoTen],[NgaySinh],[SĐT],[ChucVu],[TrinhDo],[Luong]) VALUES ('GV0001','CS0001',N'Ngô Thảo An','1999-11-05','0954123882',N'Giáo viên','8.0 IELTS',15000000)
INSERT INTO [dbo].[NhanVien] ([MaNV],[MaCS],[HoTen],[NgaySinh],[SĐT],[ChucVu],[TrinhDo],[Luong]) VALUES ('GV0002','CS0001',N'Phạm Nguyên Khang','1998-03-06','0975553253',N'Giáo viên','8.5 IELTS',15000000)
INSERT INTO [dbo].[NhanVien] ([MaNV],[MaCS],[HoTen],[NgaySinh],[SĐT],[ChucVu],[TrinhDo],[Luong]) VALUES ('GV0003','CS0001',N'Vũ Văn An','1997-09-15','0944123674',N'Giáo viên','7.5 IELTS',15000000)
INSERT INTO [dbo].[NhanVien] ([MaNV],[MaCS],[HoTen],[NgaySinh],[SĐT],[ChucVu],[TrinhDo],[Luong]) VALUES ('GV0004','CS0001',N'Lê Anh','1995-04-10','0988662345',N'Giáo viên','8.0 IELTS',1500000)
INSERT INTO [dbo].[NhanVien] ([MaNV],[MaCS],[HoTen],[NgaySinh],[SĐT],[ChucVu],[TrinhDo],[Luong]) VALUES ('GV0005','CS0001',N'Lê Đức Anh','1998-10-24','0985543216',N'Giáo viên','7.0 IELTS',15000000)
INSERT INTO [dbo].[NhanVien] ([MaNV],[MaCS],[HoTen],[NgaySinh],[SĐT],[ChucVu],[TrinhDo],[Luong]) VALUES ('QL002','CS0002',N'Hoàng Việt Bách','2000-09-09','0955678349',N'Quản Lý',NULL,20000000)
INSERT INTO [dbo].[NhanVien] ([MaNV],[MaCS],[HoTen],[NgaySinh],[SĐT],[ChucVu],[TrinhDo],[Luong]) VALUES ('KT002','CS0002',N'Nguyễn Gia Bách','2001-12-09','0955678350',N'Kế toán',NULL,10000000)
INSERT INTO [dbo].[NhanVien] ([MaNV],[MaCS],[HoTen],[NgaySinh],[SĐT],[ChucVu],[TrinhDo],[Luong]) VALUES ('TE002','CS0002',N'Trần Gia Bách','1997-05-19','0955678351',N'Kĩ thuật viên',NULL,3000000)
INSERT INTO [dbo].[NhanVien] ([MaNV],[MaCS],[HoTen],[NgaySinh],[SĐT],[ChucVu],[TrinhDo],[Luong]) VALUES ('PE002','CS0002',N'Nguyễn Thế Danh','1998-11-24','0955678352',N'Chuyên viên tư vấn học vấn',NULL,5000000)
INSERT INTO [dbo].[NhanVien] ([MaNV],[MaCS],[HoTen],[NgaySinh],[SĐT],[ChucVu],[TrinhDo],[Luong]) VALUES ('NV003','CS0002',N'Nguyễn Xuân Dương','1996-10-05','0918791234',N'Nhân viên văn phòng',NULL,7000000)
INSERT INTO [dbo].[NhanVien] ([MaNV],[MaCS],[HoTen],[NgaySinh],[SĐT],[ChucVu],[TrinhDo],[Luong]) VALUES ('SL007','CS0002',N'Mai Thành Đô','1997-12-19','0950988349',N'Sale',NULL,4000000)
INSERT INTO [dbo].[NhanVien] ([MaNV],[MaCS],[HoTen],[NgaySinh],[SĐT],[ChucVu],[TrinhDo],[Luong]) VALUES ('SL008','CS0002',N'Nguyễn Hương Giang','1998-07-23','0955676570',N'Sale',NULL,4000000)
INSERT INTO [dbo].[NhanVien] ([MaNV],[MaCS],[HoTen],[NgaySinh],[SĐT],[ChucVu],[TrinhDo],[Luong]) VALUES ('SL009','CS0002',N'Nguyễn Trường Giang','1998-10-07','0959878351',N'Sale',NULL,4000000)
INSERT INTO [dbo].[NhanVien] ([MaNV],[MaCS],[HoTen],[NgaySinh],[SĐT],[ChucVu],[TrinhDo],[Luong]) VALUES ('TG004','CS0002',N'Đỗ Quang Hiếu','2001-05-06','0978613245',N'Trợ Giảng','5.5 IELTS',5000000)
INSERT INTO [dbo].[NhanVien] ([MaNV],[MaCS],[HoTen],[NgaySinh],[SĐT],[ChucVu],[TrinhDo],[Luong]) VALUES ('TG005','CS0002',N'Nguyễn Đức Hiếu','2002-08-16','0965439127',N'Trợ Giảng','750 TOEIC',5000000)
INSERT INTO [dbo].[NhanVien] ([MaNV],[MaCS],[HoTen],[NgaySinh],[SĐT],[ChucVu],[TrinhDo],[Luong]) VALUES ('GV0008','CS0002',N'Nguyễn Thế Hiển','1999-09-15','0974176823',N'Giáo viên','8.0 IELTS',15000000)
INSERT INTO [dbo].[NhanVien] ([MaNV],[MaCS],[HoTen],[NgaySinh],[SĐT],[ChucVu],[TrinhDo],[Luong]) VALUES ('GV0009','CS0002',N'Hà Gia Hưng','1899-12-31','0918791234',N'Giáo viên','8.5 IELTS',15000000)
INSERT INTO [dbo].[NhanVien] ([MaNV],[MaCS],[HoTen],[NgaySinh],[SĐT],[ChucVu],[TrinhDo],[Luong]) VALUES ('GV0010','CS0002',N'Nguyễn Gia Hưng','1998-12-06','0901234567',N'Giáo viên','7.5 IELTS',15000000)
INSERT INTO [dbo].[NhanVien] ([MaNV],[MaCS],[HoTen],[NgaySinh],[SĐT],[ChucVu],[TrinhDo],[Luong]) VALUES ('GV0011','CS0002',N'Hà Tuấn Khang','1997-09-16','0918798085',N'Giáo viên','8.0 IELTS',15000000)
INSERT INTO [dbo].[NhanVien] ([MaNV],[MaCS],[HoTen],[NgaySinh],[SĐT],[ChucVu],[TrinhDo],[Luong]) VALUES ('GV0012','CS0002',N'Phạm Nguyên Khang','1995-09-15','0978542156',N'Giáo viên','7.0 IELTS',15000000)
INSERT INTO [dbo].[NhanVien] ([MaNV],[MaCS],[HoTen],[NgaySinh],[SĐT],[ChucVu],[TrinhDo],[Luong]) VALUES ('QL003','CS0003',N'Trần Đức Khang','1995-10-24','0967945256',N'Quản Lý',NULL,20000000)
INSERT INTO [dbo].[NhanVien] ([MaNV],[MaCS],[HoTen],[NgaySinh],[SĐT],[ChucVu],[TrinhDo],[Luong]) VALUES ('KT003','CS0003',N'Lê Minh Thư','1988-03-03','0956789123',N'Kế toán',NULL,10000000)
INSERT INTO [dbo].[NhanVien] ([MaNV],[MaCS],[HoTen],[NgaySinh],[SĐT],[ChucVu],[TrinhDo],[Luong]) VALUES ('TE003','CS0003',N'Lê Huy Khôi','1995-03-15','0986134521',N'Kĩ thuật viên',NULL,3000000)
INSERT INTO [dbo].[NhanVien] ([MaNV],[MaCS],[HoTen],[NgaySinh],[SĐT],[ChucVu],[TrinhDo],[Luong]) VALUES ('PE003','CS0003',N'Ngô Minh Khôi','1995-10-20','0978613245',N'Chuyên viên tư vấn học vấn',NULL,5000000)
INSERT INTO [dbo].[NhanVien] ([MaNV],[MaCS],[HoTen],[NgaySinh],[SĐT],[ChucVu],[TrinhDo],[Luong]) VALUES ('NV004','CS0003',N'Phạm Đức Kiên','1993-09-25','0965439127',N'Nhân viên văn phòng',NULL,7000000)
INSERT INTO [dbo].[NhanVien] ([MaNV],[MaCS],[HoTen],[NgaySinh],[SĐT],[ChucVu],[TrinhDo],[Luong]) VALUES ('SL010','CS0003',N'Nguyễn Anh Kiệt','2000-12-24','0954784267',N'Sale',NULL,4000000)
INSERT INTO [dbo].[NhanVien] ([MaNV],[MaCS],[HoTen],[NgaySinh],[SĐT],[ChucVu],[TrinhDo],[Luong]) VALUES ('SL011','CS0003',N'Nguyễn Tuấn Kiệt','2001-06-17','0974176823',N'Sale',NULL,4000000)
INSERT INTO [dbo].[NhanVien] ([MaNV],[MaCS],[HoTen],[NgaySinh],[SĐT],[ChucVu],[TrinhDo],[Luong]) VALUES ('TG008','CS0003',N'Nguyễn Anh Khoa','2002-08-16','0975553253',N'Trợ Giảng','650 TOEIC',5000000)
INSERT INTO [dbo].[NhanVien] ([MaNV],[MaCS],[HoTen],[NgaySinh],[SĐT],[ChucVu],[TrinhDo],[Luong]) VALUES ('TG009','CS0003',N'Ngô Chí Kiên','1988-03-03','0918791234',N'Trợ Giảng','750 TOEIC',5000000)
INSERT INTO [dbo].[NhanVien] ([MaNV],[MaCS],[HoTen],[NgaySinh],[SĐT],[ChucVu],[TrinhDo],[Luong]) VALUES ('GV0013','CS0003',N'Đỗ Quang Lâm','2001-05-06','0987123666',N'Giáo viên','7.5 IELTS',15000000)
INSERT INTO [dbo].[NhanVien] ([MaNV],[MaCS],[HoTen],[NgaySinh],[SĐT],[ChucVu],[TrinhDo],[Luong]) VALUES ('GV0014','CS0003',N'Trần Xuân Lâm','2002-08-16','0982134577',N'Giáo viên','8.0 IELTS',15000000)
INSERT INTO [dbo].[NhanVien] ([MaNV],[MaCS],[HoTen],[NgaySinh],[SĐT],[ChucVu],[TrinhDo],[Luong]) VALUES ('GV0015','CS0003',N'Bùi Hà Linh','2002-10-16','0918791234',N'Giáo viên','7.0 IELTS',15000000)
INSERT INTO [dbo].[NhanVien] ([MaNV],[MaCS],[HoTen],[NgaySinh],[SĐT],[ChucVu],[TrinhDo],[Luong]) VALUES ('GV0016','CS0003',N'Bùi Khánh Linh','1999-09-15','0954123882',N'Giáo viên','8.5 IELTS',15000000)
INSERT INTO [dbo].[NhanVien] ([MaNV],[MaCS],[HoTen],[NgaySinh],[SĐT],[ChucVu],[TrinhDo],[Luong]) VALUES ('GV0017','CS0003',N'Hoàng Khánh Linh','2001-07-29','0975553253',N'Giáo viên','8.0 IELTS',15000000)
INSERT INTO [dbo].[NhanVien] ([MaNV],[MaCS],[HoTen],[NgaySinh],[SĐT],[ChucVu],[TrinhDo],[Luong]) VALUES ('QL004','CS0004',N'Nguyễn Mai Tuệ Linh','2002-04-30','0944123674',N'Quản Lý',NULL,20000000)
INSERT INTO [dbo].[NhanVien] ([MaNV],[MaCS],[HoTen],[NgaySinh],[SĐT],[ChucVu],[TrinhDo],[Luong]) VALUES ('KT004','CS0004',N'Vũ Việt Long','1993-12-24','0988662345',N'Kế toán',NULL,10000000)
INSERT INTO [dbo].[NhanVien] ([MaNV],[MaCS],[HoTen],[NgaySinh],[SĐT],[ChucVu],[TrinhDo],[Luong]) VALUES ('TE004','CS0004',N'Lại Chi Mai','1991-06-29','0985543216',N'Kĩ thuật viên',NULL,3000000)
INSERT INTO [dbo].[NhanVien] ([MaNV],[MaCS],[HoTen],[NgaySinh],[SĐT],[ChucVu],[TrinhDo],[Luong]) VALUES ('PE004','CS0004',N'Phạm Duy Mạnh','1999-11-05','0988125567',N'Chuyên viên tư vấn học vấn',NULL,5000000)
INSERT INTO [dbo].[NhanVien] ([MaNV],[MaCS],[HoTen],[NgaySinh],[SĐT],[ChucVu],[TrinhDo],[Luong]) VALUES ('NV005','CS0004',N'Hoàng Thái Minh','1998-03-06','0955678348',N'Nhân viên văn phòng',NULL,7000000)
INSERT INTO [dbo].[NhanVien] ([MaNV],[MaCS],[HoTen],[NgaySinh],[SĐT],[ChucVu],[TrinhDo],[Luong]) VALUES ('SL013','CS0004',N'Bùi Khánh Nam','1997-09-15','0955678349',N'Sale',NULL,4000000)
INSERT INTO [dbo].[NhanVien] ([MaNV],[MaCS],[HoTen],[NgaySinh],[SĐT],[ChucVu],[TrinhDo],[Luong]) VALUES ('SL014','CS0004',N'Lê Bảo Nam','1995-04-10','0955678350',N'Sale',NULL,4000000)
INSERT INTO [dbo].[NhanVien] ([MaNV],[MaCS],[HoTen],[NgaySinh],[SĐT],[ChucVu],[TrinhDo],[Luong]) VALUES ('SL015','CS0004',N'Hà Hạnh Nguyên','1998-10-24','0955678351',N'Sale',NULL,4000000)
INSERT INTO [dbo].[NhanVien] ([MaNV],[MaCS],[HoTen],[NgaySinh],[SĐT],[ChucVu],[TrinhDo],[Luong]) VALUES ('TG010','CS0004',N'Bùi Ngọc Ban Mai','2001-05-06','0978613245',N'Trợ Giảng','800 TOEIC',5000000)
INSERT INTO [dbo].[NhanVien] ([MaNV],[MaCS],[HoTen],[NgaySinh],[SĐT],[ChucVu],[TrinhDo],[Luong]) VALUES ('TG011','CS0004',N'Ngô Quang Minh','2002-08-16','0965439127',N'Trợ Giảng','6.0 IELTS',5000000)
INSERT INTO [dbo].[NhanVien] ([MaNV],[MaCS],[HoTen],[NgaySinh],[SĐT],[ChucVu],[TrinhDo],[Luong]) VALUES ('GV0019','CS0004',N'Đào Cao Phong','1996-12-12','0955678876',N'Giáo viên','8.5 IELTS',15000000)
INSERT INTO [dbo].[NhanVien] ([MaNV],[MaCS],[HoTen],[NgaySinh],[SĐT],[ChucVu],[TrinhDo],[Luong]) VALUES ('GV0020','CS0004',N'Vũ Viết Duy','2000-09-09','0950988349',N'Giáo viên','7.5 IELTS',15000000)
INSERT INTO [dbo].[NhanVien] ([MaNV],[MaCS],[HoTen],[NgaySinh],[SĐT],[ChucVu],[TrinhDo],[Luong]) VALUES ('GV0021','CS0004',N'Trần Tiểu Vy','2001-12-09','0955676570',N'Giáo viên','8.0 IELTS',15000000)
INSERT INTO [dbo].[NhanVien] ([MaNV],[MaCS],[HoTen],[NgaySinh],[SĐT],[ChucVu],[TrinhDo],[Luong]) VALUES ('GV0022','CS0004',N'Trần Huy Tùy Phong','1997-05-19','0959878351',N'Giáo viên','7.0 IELTS',15000000)
INSERT INTO [dbo].[NhanVien] ([MaNV],[MaCS],[HoTen],[NgaySinh],[SĐT],[ChucVu],[TrinhDo],[Luong]) VALUES ('QL005','CS0005',N'Nguyễn Minh Phương','1998-11-24','0955004552',N'Quản Lý',NULL,20000000)
INSERT INTO [dbo].[NhanVien] ([MaNV],[MaCS],[HoTen],[NgaySinh],[SĐT],[ChucVu],[TrinhDo],[Luong]) VALUES ('KT005','CS0004',N'Lương Đức Quang','1996-10-05','0959878351',N'Kế toán',NULL,10000000)
INSERT INTO [dbo].[NhanVien] ([MaNV],[MaCS],[HoTen],[NgaySinh],[SĐT],[ChucVu],[TrinhDo],[Luong]) VALUES ('TE005','CS0004',N'Phương Gia Quang','1997-12-19','0955004552',N'Kĩ thuật viên',NULL,3000000)
INSERT INTO [dbo].[NhanVien] ([MaNV],[MaCS],[HoTen],[NgaySinh],[SĐT],[ChucVu],[TrinhDo],[Luong]) VALUES ('PE005','CS0005',N'Triệu Minh Quang','1998-07-23','0918791234',N'Chuyên viên tư vấn học vấn',NULL,5000000)
INSERT INTO [dbo].[NhanVien] ([MaNV],[MaCS],[HoTen],[NgaySinh],[SĐT],[ChucVu],[TrinhDo],[Luong]) VALUES ('NV006','CS0005',N'Triệu Việt Quang','1998-10-07','0901234567',N'Nhân viên văn phòng',NULL,7000000)
INSERT INTO [dbo].[NhanVien] ([MaNV],[MaCS],[HoTen],[NgaySinh],[SĐT],[ChucVu],[TrinhDo],[Luong]) VALUES ('SL016','CS0005',N'Nguyễn Minh Tuệ','1995-12-08','0918798085',N'Sale',NULL,4000000)
INSERT INTO [dbo].[NhanVien] ([MaNV],[MaCS],[HoTen],[NgaySinh],[SĐT],[ChucVu],[TrinhDo],[Luong]) VALUES ('SL017','CS0005',N'Âu Nhật Vũ','1899-12-31','0978542156',N'Sale',NULL,4000000)
INSERT INTO [dbo].[NhanVien] ([MaNV],[MaCS],[HoTen],[NgaySinh],[SĐT],[ChucVu],[TrinhDo],[Luong]) VALUES ('SL018','CS0005',N'Phan Minh Vũ','1998-12-06','0967945256',N'Sale',NULL,4000000)
INSERT INTO [dbo].[NhanVien] ([MaNV],[MaCS],[HoTen],[NgaySinh],[SĐT],[ChucVu],[TrinhDo],[Luong]) VALUES ('TG013','CS0005',N'Nguyễn Minh Ngọc','2000-12-24','0954784267',N'Trợ Giảng','5.5 IELTS',5000000)
INSERT INTO [dbo].[NhanVien] ([MaNV],[MaCS],[HoTen],[NgaySinh],[SĐT],[ChucVu],[TrinhDo],[Luong]) VALUES ('TG014','CS0005',N'Đào Khôi Nguyên','2001-06-17','0974176823',N'Trợ Giảng','750 TOEIC',5000000)
INSERT INTO [dbo].[NhanVien] ([MaNV],[MaCS],[HoTen],[NgaySinh],[SĐT],[ChucVu],[TrinhDo],[Luong]) VALUES ('GV0024','CS0005',N'Hoàng Hải Đăng','1995-09-15','0986134521',N'Giáo viên','8.5 IELTS',15000000)
INSERT INTO [dbo].[NhanVien] ([MaNV],[MaCS],[HoTen],[NgaySinh],[SĐT],[ChucVu],[TrinhDo],[Luong]) VALUES ('GV0025','CS0005',N'Nguyễn Hương Giang','1995-10-24','0978613245',N'Giáo viên','8.0 IELTS',15000000)
INSERT INTO [dbo].[NhanVien] ([MaNV],[MaCS],[HoTen],[NgaySinh],[SĐT],[ChucVu],[TrinhDo],[Luong]) VALUES ('GV0026','CS0005',N'Nguyễn Ngân Giang','1988-03-03','0965439127',N'Giáo viên','8.0 IELTS',15000000)
INSERT INTO [dbo].[NhanVien] ([MaNV],[MaCS],[HoTen],[NgaySinh],[SĐT],[ChucVu],[TrinhDo],[Luong]) VALUES ('GV0027','CS0005',N'Trần Hương Giang','1995-03-15','0954784267',N'Giáo viên','7.0 IELTS',15000000)
INSERT INTO [dbo].[NhanVien] ([MaNV],[MaCS],[HoTen],[NgaySinh],[SĐT],[ChucVu],[TrinhDo],[Luong]) VALUES ('QL006','CS0006',N'Bùi Kim Ngân Hà','1995-10-20','0974176823',N'Quản Lý',NULL,20000000)
INSERT INTO [dbo].[NhanVien] ([MaNV],[MaCS],[HoTen],[NgaySinh],[SĐT],[ChucVu],[TrinhDo],[Luong]) VALUES ('KT006','CS0006',N'Lê Hoàng Hải','1993-09-25','0931245735',N'Kế toán',NULL,10000000)
INSERT INTO [dbo].[NhanVien] ([MaNV],[MaCS],[HoTen],[NgaySinh],[SĐT],[ChucVu],[TrinhDo],[Luong]) VALUES ('TE006','CS0006',N'Ngô Minh Hiếu','2000-12-24','0987123666',N'Kĩ thuật viên',NULL,3000000)
INSERT INTO [dbo].[NhanVien] ([MaNV],[MaCS],[HoTen],[NgaySinh],[SĐT],[ChucVu],[TrinhDo],[Luong]) VALUES ('PE006','CS0006',N'Nguyễn Đào Thịnh Hưng','2001-06-17','0982134577',N'Chuyên viên tư vấn học vấn',NULL,5000000)
INSERT INTO [dbo].[NhanVien] ([MaNV],[MaCS],[HoTen],[NgaySinh],[SĐT],[ChucVu],[TrinhDo],[Luong]) VALUES ('NV007','CS0006',N'Nguyễn Minh Hưng','2003-09-17','0985412761',N'Nhân viên văn phòng',NULL,7000000)
INSERT INTO [dbo].[NhanVien] ([MaNV],[MaCS],[HoTen],[NgaySinh],[SĐT],[ChucVu],[TrinhDo],[Luong]) VALUES ('SL019','CS0006',N'Vũ Minh Khang','2001-05-06','0954123882',N'Sale',NULL,4000000)
INSERT INTO [dbo].[NhanVien] ([MaNV],[MaCS],[HoTen],[NgaySinh],[SĐT],[ChucVu],[TrinhDo],[Luong]) VALUES ('SL020','CS0006',N'Mai Minh Khánh','2002-08-16','0975553253',N'Sale',NULL,4000000)
INSERT INTO [dbo].[NhanVien] ([MaNV],[MaCS],[HoTen],[NgaySinh],[SĐT],[ChucVu],[TrinhDo],[Luong]) VALUES ('SL021','CS0006',N'Trần Duy Khánh','2000-05-01','0944123674',N'Sale',NULL,4000000)
INSERT INTO [dbo].[NhanVien] ([MaNV],[MaCS],[HoTen],[NgaySinh],[SĐT],[ChucVu],[TrinhDo],[Luong]) VALUES ('SL016','CS0006',N'Hoàng Tùng','2001-05-06','0931245735',N'Trợ Giảng','800 TOEIC',5000000)
INSERT INTO [dbo].[NhanVien] ([MaNV],[MaCS],[HoTen],[NgaySinh],[SĐT],[ChucVu],[TrinhDo],[Luong]) VALUES ('TG017','CS0006',N'Lê Hoàng Vinh','2002-08-16','0954123882',N'Trợ Giảng','6.0 IELTS',5000000)
INSERT INTO [dbo].[NhanVien] ([MaNV],[MaCS],[HoTen],[NgaySinh],[SĐT],[ChucVu],[TrinhDo],[Luong]) VALUES ('GV0029','CS0006',N'Trần Hà Lam','2001-07-29','0985543216',N'Giáo viên','8.0 IELTS',15000000)
INSERT INTO [dbo].[NhanVien] ([MaNV],[MaCS],[HoTen],[NgaySinh],[SĐT],[ChucVu],[TrinhDo],[Luong]) VALUES ('GV0030','CS0006',N'Trần Tùng Lâm','2002-04-30','0988125567',N'Giáo viên','7.0 IELTS',15000000)
INSERT INTO [dbo].[NhanVien] ([MaNV],[MaCS],[HoTen],[NgaySinh],[SĐT],[ChucVu],[TrinhDo],[Luong]) VALUES ('GV0031','CS0006',N'Nguyễn Thanh Mai','1993-12-24','0955678348',N'Giáo viên','8.5 IELTS',15000000)
INSERT INTO [dbo].[NhanVien] ([MaNV],[MaCS],[HoTen],[NgaySinh],[SĐT],[ChucVu],[TrinhDo],[Luong]) VALUES ('GV0032','CS0006',N'Bùi Bá Quang Minh','1991-06-29','0955678349',N'Giáo viên','8.0 IELTS',15000000)

GO
INSERT INTO [dbo].[HocVien] ([MaHV],[HoTen],[GioiTinh],[NgaySinh],[QueQuan],[SĐT],[TrangThai]) VALUES ('HV001',N'Phạm Nguyễn Nhật Anh',N'Nam','1995-03-03',N'Hà Nội','0918791234',N'Đang Học')
INSERT INTO [dbo].[HocVien] ([MaHV],[HoTen],[GioiTinh],[NgaySinh],[QueQuan],[SĐT],[TrangThai]) VALUES ('HV002',N'Nguyễn Công Gia Bảo',N'Nam','1995-03-15',N'Quảng Ninh','0919757390',N'Đang Học')
INSERT INTO [dbo].[HocVien] ([MaHV],[HoTen],[GioiTinh],[NgaySinh],[QueQuan],[SĐT],[TrangThai]) VALUES ('HV003',N'Vũ Quốc Bảo',N'Nam','1999-10-20',N'Nam Định','0998647334',N'Đang Học')
INSERT INTO [dbo].[HocVien] ([MaHV],[HoTen],[GioiTinh],[NgaySinh],[QueQuan],[SĐT],[TrangThai]) VALUES ('HV004',N'Đặng Gia Bảo',N'Nam','2000-12-24',N'Nghệ An','0908646282',N'Đang Học')
INSERT INTO [dbo].[HocVien] ([MaHV],[HoTen],[GioiTinh],[NgaySinh],[QueQuan],[SĐT],[TrangThai]) VALUES ('HV005',N'Nguyễn Ngọc Bảo Châu',N'Nữ','2001-09-16',N'Hà Tĩnh','0975892639',N'Đang Học')
INSERT INTO [dbo].[HocVien] ([MaHV],[HoTen],[GioiTinh],[NgaySinh],[QueQuan],[SĐT],[TrangThai]) VALUES ('HV006',N'Nguyễn Bảo Châu',N'Nữ','2001-10-10',N'Thanh Hóa','0996562555',N'Đang Học')
INSERT INTO [dbo].[HocVien] ([MaHV],[HoTen],[GioiTinh],[NgaySinh],[QueQuan],[SĐT],[TrangThai]) VALUES ('HV007',N'Nguyễn Minh Châu',N'Nữ','2004-07-03',N'Hải Dương','0908622334',N'Bảo lưu')
INSERT INTO [dbo].[HocVien] ([MaHV],[HoTen],[GioiTinh],[NgaySinh],[QueQuan],[SĐT],[TrangThai]) VALUES ('HV008',N'Trần Bảo Châu',N'Nữ','2005-03-15',N'Hà Nội','0909765432',N'Đang Học')
INSERT INTO [dbo].[HocVien] ([MaHV],[HoTen],[GioiTinh],[NgaySinh],[QueQuan],[SĐT],[TrangThai]) VALUES ('HV009',N'Nguyễn Lương Khánh Chi',N'Nữ','2003-04-30',N'Hà Nội','0908636735',N'Đang Học')
INSERT INTO [dbo].[HocVien] ([MaHV],[HoTen],[GioiTinh],[NgaySinh],[QueQuan],[SĐT],[TrangThai]) VALUES ('HV010',N'Hoàng Nguyên Trí Đức',N'Nam','2003-11-26',N'Hưng Yên','0987557533',N'Đang Học')
INSERT INTO [dbo].[HocVien] ([MaHV],[HoTen],[GioiTinh],[NgaySinh],[QueQuan],[SĐT],[TrangThai]) VALUES ('HV011',N'Lê Trí Dũng',N'Nam','2002-08-19',N'Hòa Binh','0988657933',N'Đang Học')
INSERT INTO [dbo].[HocVien] ([MaHV],[HoTen],[GioiTinh],[NgaySinh],[QueQuan],[SĐT],[TrangThai]) VALUES ('HV012',N'Nguyễn Trần Minh Hà',N'Nữ','1998-11-03',N'Lai Châu','0964354374',N'Đang Học')
INSERT INTO [dbo].[HocVien] ([MaHV],[HoTen],[GioiTinh],[NgaySinh],[QueQuan],[SĐT],[TrangThai]) VALUES ('HV013',N'Lưu Tuấn Hải',N'Nam','1997-12-06',N'Sơn La','0975364858',N'Đang Học')
INSERT INTO [dbo].[HocVien] ([MaHV],[HoTen],[GioiTinh],[NgaySinh],[QueQuan],[SĐT],[TrangThai]) VALUES ('HV014',N'Hoàng Ngọc Bảo Hân',N'Nữ','2001-07-27',N'Lào Cai','0986436439',N'Bảo lưu')
INSERT INTO [dbo].[HocVien] ([MaHV],[HoTen],[GioiTinh],[NgaySinh],[QueQuan],[SĐT],[TrangThai]) VALUES ('HV015',N'Cao Gia Hân',N'Nữ','2006-05-29',N'Yên Bái','0975638475',N'Đang Học')
INSERT INTO [dbo].[HocVien] ([MaHV],[HoTen],[GioiTinh],[NgaySinh],[QueQuan],[SĐT],[TrangThai]) VALUES ('HV016',N'Trần Đức Huy',N'Nam','1996-08-19',N'Bắc Giang','0975467689',N'Đang Học')
INSERT INTO [dbo].[HocVien] ([MaHV],[HoTen],[GioiTinh],[NgaySinh],[QueQuan],[SĐT],[TrangThai]) VALUES ('HV017',N'Lê Đức Huy',N'Nam','1998-09-10',N'Hà Nội','0976547393',N'Đang Học')
INSERT INTO [dbo].[HocVien] ([MaHV],[HoTen],[GioiTinh],[NgaySinh],[QueQuan],[SĐT],[TrangThai]) VALUES ('HV018',N'Nguyễn Minh Khang',N'Nam','1997-09-29',N'Vĩnh Phúc','0918791345',N'Đang Học')
INSERT INTO [dbo].[HocVien] ([MaHV],[HoTen],[GioiTinh],[NgaySinh],[QueQuan],[SĐT],[TrangThai]) VALUES ('HV019',N'Phạm Gia Khánh',N'Nam','2001-09-20',N'Hà Nam','0998648453',N'Đang Học')
INSERT INTO [dbo].[HocVien] ([MaHV],[HoTen],[GioiTinh],[NgaySinh],[QueQuan],[SĐT],[TrangThai]) VALUES ('HV020',N'Nguyễn Đăng Khoa',N'Nam','1999-03-14',N'Phú Thọ','0908622334',N'Đang Học')
INSERT INTO [dbo].[HocVien] ([MaHV],[HoTen],[GioiTinh],[NgaySinh],[QueQuan],[SĐT],[TrangThai]) VALUES ('HV021',N'Tạ Minh Khôi',N'Nam','2003-10-04',N'Ninh Bình','0909765432',N'Đang Học')
INSERT INTO [dbo].[HocVien] ([MaHV],[HoTen],[GioiTinh],[NgaySinh],[QueQuan],[SĐT],[TrangThai]) VALUES ('HV022',N'Phan Đăng Kiệt',N'Nam','1999-10-24',N'Thái Bình','0908636735',N'Đang Học')
INSERT INTO [dbo].[HocVien] ([MaHV],[HoTen],[GioiTinh],[NgaySinh],[QueQuan],[SĐT],[TrangThai]) VALUES ('HV023',N'Nguyễn Khoa Đại Kiều',N'Nam','1996-11-30',N'Thái Bình','0987557533',N'Bảo lưu')
INSERT INTO [dbo].[HocVien] ([MaHV],[HoTen],[GioiTinh],[NgaySinh],[QueQuan],[SĐT],[TrangThai]) VALUES ('HV024',N'PNguyễn Cao Bảo Lam',N'Nữ','2004-05-21',N'Hải Dương','0988657933',N'Đang Học')
INSERT INTO [dbo].[HocVien] ([MaHV],[HoTen],[GioiTinh],[NgaySinh],[QueQuan],[SĐT],[TrangThai]) VALUES ('HV025',N'Trần Tú Linh',N'Nữ','2001-08-30',N'Thanh Hóa','0964354374',N'Đang Học')
INSERT INTO [dbo].[HocVien] ([MaHV],[HoTen],[GioiTinh],[NgaySinh],[QueQuan],[SĐT],[TrangThai]) VALUES ('HV026',N'Vũ Nguyễn Hà Linh',N'Nữ','2002-07-26',N'Hải Phòng','0975364858',N'Đang Học')
INSERT INTO [dbo].[HocVien] ([MaHV],[HoTen],[GioiTinh],[NgaySinh],[QueQuan],[SĐT],[TrangThai]) VALUES ('HV027',N'Nguyễn Tuệ Minh',N'Nữ','1995-03-03',N'Hà Nội','0918791234',N'Đang Học')
INSERT INTO [dbo].[HocVien] ([MaHV],[HoTen],[GioiTinh],[NgaySinh],[QueQuan],[SĐT],[TrangThai]) VALUES ('HV028',N'Phạm Nhật Minh',N'Nam','1995-03-15',N'Quảng Ninh','0919757390',N'Đang Học')
INSERT INTO [dbo].[HocVien] ([MaHV],[HoTen],[GioiTinh],[NgaySinh],[QueQuan],[SĐT],[TrangThai]) VALUES ('HV029',N'Đỗ Tuấn Minh',N'Nam','1999-10-20',N'Nam Định','0998647334',N'Đang Học')
INSERT INTO [dbo].[HocVien] ([MaHV],[HoTen],[GioiTinh],[NgaySinh],[QueQuan],[SĐT],[TrangThai]) VALUES ('HV030',N'Cao Ngọc Minh',N'Nam','2000-12-24',N'Nghệ An','0908646282',N'Đang Học')
INSERT INTO [dbo].[HocVien] ([MaHV],[HoTen],[GioiTinh],[NgaySinh],[QueQuan],[SĐT],[TrangThai]) VALUES ('HV031',N'Trần Hoài Nam',N'Nam','2001-09-16',N'Hà Tĩnh','0975892639',N'Đang Học')
INSERT INTO [dbo].[HocVien] ([MaHV],[HoTen],[GioiTinh],[NgaySinh],[QueQuan],[SĐT],[TrangThai]) VALUES ('HV032',N'Trần Linh Nga',N'Nữ','2001-10-10',N'Thanh Hóa','0996562555',N'Đang Học')
INSERT INTO [dbo].[HocVien] ([MaHV],[HoTen],[GioiTinh],[NgaySinh],[QueQuan],[SĐT],[TrangThai]) VALUES ('HV033',N'Phạm Khánh Ngọc',N'Nữ','2004-07-03',N'Hải Dương','0908622334',N'Đang Học')
INSERT INTO [dbo].[HocVien] ([MaHV],[HoTen],[GioiTinh],[NgaySinh],[QueQuan],[SĐT],[TrangThai]) VALUES ('HV034',N'Trần Bảo Ngọc',N'Nữ','2005-03-15',N'Hà Nội','0909765432',N'Đang Học')
INSERT INTO [dbo].[HocVien] ([MaHV],[HoTen],[GioiTinh],[NgaySinh],[QueQuan],[SĐT],[TrangThai]) VALUES ('HV035',N'Nguyễn Đinh Phương Nhi',N'Nữ','2003-04-30',N'Hà Nội','0908636735',N'Đang Học')
INSERT INTO [dbo].[HocVien] ([MaHV],[HoTen],[GioiTinh],[NgaySinh],[QueQuan],[SĐT],[TrangThai]) VALUES ('HV036',N'Nguyễn Linh Nhi',N'Nữ','2003-11-26',N'Hưng Yên','0987557533',N'Đang Học')
INSERT INTO [dbo].[HocVien] ([MaHV],[HoTen],[GioiTinh],[NgaySinh],[QueQuan],[SĐT],[TrangThai]) VALUES ('HV037',N'Phan Thế Phong',N'Nam','2002-08-19',N'Hòa Binh','0988657933',N'Đang Học')
INSERT INTO [dbo].[HocVien] ([MaHV],[HoTen],[GioiTinh],[NgaySinh],[QueQuan],[SĐT],[TrangThai]) VALUES ('HV038',N'Nguyễn Minh Phong',N'Nam','1998-11-03',N'Lai Châu','0964354374',N'Đang Học')
INSERT INTO [dbo].[HocVien] ([MaHV],[HoTen],[GioiTinh],[NgaySinh],[QueQuan],[SĐT],[TrangThai]) VALUES ('HV039',N'Hán Nam Phong',N'Nam','1997-12-06',N'Sơn La','0975364858',N'Đang Học')
INSERT INTO [dbo].[HocVien] ([MaHV],[HoTen],[GioiTinh],[NgaySinh],[QueQuan],[SĐT],[TrangThai]) VALUES ('HV040',N'Nguyễn Hoàng Quân',N'Nam','2001-07-27',N'Lào Cai','0986436439',N'Đang Học')
INSERT INTO [dbo].[HocVien] ([MaHV],[HoTen],[GioiTinh],[NgaySinh],[QueQuan],[SĐT],[TrangThai]) VALUES ('HV041',N'Phạm Đăng Quang',N'Nam','2006-05-29',N'Yên Bái','0975638475',N'Đang Học')
INSERT INTO [dbo].[HocVien] ([MaHV],[HoTen],[GioiTinh],[NgaySinh],[QueQuan],[SĐT],[TrangThai]) VALUES ('HV042',N'Nguyễn Như Quỳnh',N'Nữ','1996-08-19',N'Bắc Giang','0975467689',N'Đang Học')
INSERT INTO [dbo].[HocVien] ([MaHV],[HoTen],[GioiTinh],[NgaySinh],[QueQuan],[SĐT],[TrangThai]) VALUES ('HV043',N'Nguyễn Thành Trung',N'Nam','1998-09-10',N'Hà Nội','0976547393',N'Đang Học')
INSERT INTO [dbo].[HocVien] ([MaHV],[HoTen],[GioiTinh],[NgaySinh],[QueQuan],[SĐT],[TrangThai]) VALUES ('HV044',N'Huỳnh Vương Bảo Châu',N'Nam','1997-09-29',N'Vĩnh Phúc','0918791345',N'Đang Học')
INSERT INTO [dbo].[HocVien] ([MaHV],[HoTen],[GioiTinh],[NgaySinh],[QueQuan],[SĐT],[TrangThai]) VALUES ('HV045',N'Nguyễn Minh Phương',N'Nữ','2001-09-20',N'Hà Nam','0998648453',N'Đang Học')
INSERT INTO [dbo].[HocVien] ([MaHV],[HoTen],[GioiTinh],[NgaySinh],[QueQuan],[SĐT],[TrangThai]) VALUES ('HV046',N'Trương Tuệ Anh',N'Nữ','1999-03-14',N'Phú Thọ','0908622334',N'Đang Học')
INSERT INTO [dbo].[HocVien] ([MaHV],[HoTen],[GioiTinh],[NgaySinh],[QueQuan],[SĐT],[TrangThai]) VALUES ('HV047',N'Vũ Trí Anh',N'Nam','2003-10-04',N'Ninh Bình','0909765432',N'Đang Học')
INSERT INTO [dbo].[HocVien] ([MaHV],[HoTen],[GioiTinh],[NgaySinh],[QueQuan],[SĐT],[TrangThai]) VALUES ('HV048',N'Phạm Hoàng Bách',N'Nam','1999-10-24',N'Thái Bình','0908636735',N'Đang Học')
INSERT INTO [dbo].[HocVien] ([MaHV],[HoTen],[GioiTinh],[NgaySinh],[QueQuan],[SĐT],[TrangThai]) VALUES ('HV049',N'Nguyễn Quốc Bảo',N'Nam','1996-11-30',N'Thái Bình','0987557533',N'Đang Học')
INSERT INTO [dbo].[HocVien] ([MaHV],[HoTen],[GioiTinh],[NgaySinh],[QueQuan],[SĐT],[TrangThai]) VALUES ('HV050',N'Nguyễn Lâm Chi',N'Nữ','2004-05-21',N'Hải Dương','0988657933',N'Đang Học')
INSERT INTO [dbo].[HocVien] ([MaHV],[HoTen],[GioiTinh],[NgaySinh],[QueQuan],[SĐT],[TrangThai]) VALUES ('HV051',N'Trần Khánh Chi',N'Nữ','2001-08-30',N'Thanh Hóa','0964354374',N'Đang Học')
INSERT INTO [dbo].[HocVien] ([MaHV],[HoTen],[GioiTinh],[NgaySinh],[QueQuan],[SĐT],[TrangThai]) VALUES ('HV052',N'Trịnh Khánh Chi',N'Nữ','2002-07-26',N'Hải Phòng','0975364858',N'Đang Học')
INSERT INTO [dbo].[HocVien] ([MaHV],[HoTen],[GioiTinh],[NgaySinh],[QueQuan],[SĐT],[TrangThai]) VALUES ('HV053',N'Tô Đức Doanh',N'Nam','1995-03-03',N'Hà Nội','0918791234',N'Đang Học')
INSERT INTO [dbo].[HocVien] ([MaHV],[HoTen],[GioiTinh],[NgaySinh],[QueQuan],[SĐT],[TrangThai]) VALUES ('HV054',N'Đỗ Văn Dũng',N'Nam','1995-03-15',N'Quảng Ninh','0919757390',N'Đang Học')
INSERT INTO [dbo].[HocVien] ([MaHV],[HoTen],[GioiTinh],[NgaySinh],[QueQuan],[SĐT],[TrangThai]) VALUES ('HV055',N'Nguyễn Đăng Dương',N'Nam','1999-10-20',N'Nam Định','0998647334',N'Đang Học')
INSERT INTO [dbo].[HocVien] ([MaHV],[HoTen],[GioiTinh],[NgaySinh],[QueQuan],[SĐT],[TrangThai]) VALUES ('HV056',N'Đỗ Hồng Minh Đức',N'Nam','2000-12-24',N'Nghệ An','0908646282',N'Đang Học')
INSERT INTO [dbo].[HocVien] ([MaHV],[HoTen],[GioiTinh],[NgaySinh],[QueQuan],[SĐT],[TrangThai]) VALUES ('HV057',N'Ngô Nguyên Hùng',N'Nam','2001-09-16',N'Hà Tĩnh','0975892639',N'Đang Học')
INSERT INTO [dbo].[HocVien] ([MaHV],[HoTen],[GioiTinh],[NgaySinh],[QueQuan],[SĐT],[TrangThai]) VALUES ('HV058',N'Trần Nguyễn Cẩm Hà',N'Nữ','2001-10-10',N'Thanh Hóa','0996562555',N'Đang Học')
INSERT INTO [dbo].[HocVien] ([MaHV],[HoTen],[GioiTinh],[NgaySinh],[QueQuan],[SĐT],[TrangThai]) VALUES ('HV059',N'Nguyễn Ngân Hà',N'Nữ','2004-07-03',N'Hải Dương','0908622334',N'Đang Học')
INSERT INTO [dbo].[HocVien] ([MaHV],[HoTen],[GioiTinh],[NgaySinh],[QueQuan],[SĐT],[TrangThai]) VALUES ('HV060',N'Nguyễn Quốc Hiếu',N'Nam','2005-03-15',N'Hà Nội','0909765432',N'Đang Học')
INSERT INTO [dbo].[HocVien] ([MaHV],[HoTen],[GioiTinh],[NgaySinh],[QueQuan],[SĐT],[TrangThai]) VALUES ('HV061',N'Phạm Văn Hùng',N'Nam','2003-04-30',N'Hà Nội','0908636735',N'Đang Học')
INSERT INTO [dbo].[HocVien] ([MaHV],[HoTen],[GioiTinh],[NgaySinh],[QueQuan],[SĐT],[TrangThai]) VALUES ('HV062',N'Nguyễn Nhật Huy',N'Nam','2003-11-26',N'Hưng Yên','0987557533','Baor lưu')
INSERT INTO [dbo].[HocVien] ([MaHV],[HoTen],[GioiTinh],[NgaySinh],[QueQuan],[SĐT],[TrangThai]) VALUES ('HV063',N'Nguyễn Thế Hải',N'Nam','2002-08-19',N'Hòa Binh','0988657933',N'Đang Học')
INSERT INTO [dbo].[HocVien] ([MaHV],[HoTen],[GioiTinh],[NgaySinh],[QueQuan],[SĐT],[TrangThai]) VALUES ('HV064',N'Nguyễn Minh Huyền',N'Nữ','1998-11-03',N'Lai Châu','0964354374',N'Đang Học')
INSERT INTO [dbo].[HocVien] ([MaHV],[HoTen],[GioiTinh],[NgaySinh],[QueQuan],[SĐT],[TrangThai]) VALUES ('HV065',N'Nguyễn Minh Khang',N'Nam','1997-12-06',N'Sơn La','0975364858',N'Đang Học')
INSERT INTO [dbo].[HocVien] ([MaHV],[HoTen],[GioiTinh],[NgaySinh],[QueQuan],[SĐT],[TrangThai]) VALUES ('HV066',N'Nguyễn Ngọc Hiểu Khanh',N'Nam','2001-07-27',N'Lào Cai','0986436439',N'Đang Học')
INSERT INTO [dbo].[HocVien] ([MaHV],[HoTen],[GioiTinh],[NgaySinh],[QueQuan],[SĐT],[TrangThai]) VALUES ('HV067',N'Nguyễn Hồng Bảo Linh',N'Nữ','2006-05-29',N'Yên Bái','0975638475',N'Đang Học')
INSERT INTO [dbo].[HocVien] ([MaHV],[HoTen],[GioiTinh],[NgaySinh],[QueQuan],[SĐT],[TrangThai]) VALUES ('HV068',N'Phan Sỹ Linh',N'Nữ','1996-08-19',N'Bắc Giang','0975467689',N'Đang Học')
INSERT INTO [dbo].[HocVien] ([MaHV],[HoTen],[GioiTinh],[NgaySinh],[QueQuan],[SĐT],[TrangThai]) VALUES ('HV069',N'Nguyễn Ngọc Hiểu Khanh',N'Nam','1998-09-10',N'Hà Nội','0976547393',N'Đang Học')
INSERT INTO [dbo].[HocVien] ([MaHV],[HoTen],[GioiTinh],[NgaySinh],[QueQuan],[SĐT],[TrangThai]) VALUES ('HV070',N'Ngô Nam Khánh',N'Nam','1997-09-29',N'Vĩnh Phúc','0918791345',N'Đang Học')
INSERT INTO [dbo].[HocVien] ([MaHV],[HoTen],[GioiTinh],[NgaySinh],[QueQuan],[SĐT],[TrangThai]) VALUES ('HV071',N'Tạ Đức Khôi',N'Nam','2001-09-20',N'Hà Nam','0998648453',N'Đang Học')
INSERT INTO [dbo].[HocVien] ([MaHV],[HoTen],[GioiTinh],[NgaySinh],[QueQuan],[SĐT],[TrangThai]) VALUES ('HV072',N'Trần Phương Linh',N'Nữ','1999-03-14',N'Phú Thọ','0908622334',N'Đang Học')
INSERT INTO [dbo].[HocVien] ([MaHV],[HoTen],[GioiTinh],[NgaySinh],[QueQuan],[SĐT],[TrangThai]) VALUES ('HV073',N'Nguyễn Kim Bảo Ngọc',N'Nữ','2003-10-04',N'Ninh Bình','0909765432',N'Đang Học')
INSERT INTO [dbo].[HocVien] ([MaHV],[HoTen],[GioiTinh],[NgaySinh],[QueQuan],[SĐT],[TrangThai]) VALUES ('HV074',N'Đỗ Vân Nhi',N'Nữ','1999-10-24',N'Thái Bình','0908636735',N'Đang Học')
INSERT INTO [dbo].[HocVien] ([MaHV],[HoTen],[GioiTinh],[NgaySinh],[QueQuan],[SĐT],[TrangThai]) VALUES ('HV075',N'Cung Vũ Hải Long',N'Nam','1996-11-30',N'Thái Bình','0987557533',N'Đang Học')
INSERT INTO [dbo].[HocVien] ([MaHV],[HoTen],[GioiTinh],[NgaySinh],[QueQuan],[SĐT],[TrangThai]) VALUES ('HV076',N'Trần Hoàng Long',N'Nam','2004-05-21',N'Hải Dương','0988657933',N'Bảo lưu')
INSERT INTO [dbo].[HocVien] ([MaHV],[HoTen],[GioiTinh],[NgaySinh],[QueQuan],[SĐT],[TrangThai]) VALUES ('HV077',N'Lương Đức Minh',N'Nam','2001-08-30',N'Thanh Hóa','0964354374',N'Đang Học')
INSERT INTO [dbo].[HocVien] ([MaHV],[HoTen],[GioiTinh],[NgaySinh],[QueQuan],[SĐT],[TrangThai]) VALUES ('HV078',N'Nguyễn Quang Minh',N'Nam','2002-07-26',N'Hải Phòng','0975364858',N'Đang Học')
INSERT INTO [dbo].[HocVien] ([MaHV],[HoTen],[GioiTinh],[NgaySinh],[QueQuan],[SĐT],[TrangThai]) VALUES ('HV079',N'Nguyễn Tuấn Minh',N'Nam','1995-03-03',N'Hà Nội','0918791234',N'Đang Học')
INSERT INTO [dbo].[HocVien] ([MaHV],[HoTen],[GioiTinh],[NgaySinh],[QueQuan],[SĐT],[TrangThai]) VALUES ('HV080',N'Hoàng Bảo Yến',N'Nữ','1995-03-15',N'Quảng Ninh','0919757390',N'Đang Học')
INSERT INTO [dbo].[HocVien] ([MaHV],[HoTen],[GioiTinh],[NgaySinh],[QueQuan],[SĐT],[TrangThai]) VALUES ('HV081',N'Dương Minh Phương',N'Nữ','1999-10-20',N'Nam Định','0998647334',N'Đang Học')
INSERT INTO [dbo].[HocVien] ([MaHV],[HoTen],[GioiTinh],[NgaySinh],[QueQuan],[SĐT],[TrangThai]) VALUES ('HV082',N'Hoàng Anh Nam',N'Nam','2000-12-24',N'Nghệ An','0908646282',N'Đang Học')
INSERT INTO [dbo].[HocVien] ([MaHV],[HoTen],[GioiTinh],[NgaySinh],[QueQuan],[SĐT],[TrangThai]) VALUES ('HV083',N'Trần Hoàng Nam',N'Nam','2001-09-16',N'Hà Tĩnh','0975892639',N'Đang Học')
INSERT INTO [dbo].[HocVien] ([MaHV],[HoTen],[GioiTinh],[NgaySinh],[QueQuan],[SĐT],[TrangThai]) VALUES ('HV084',N'Lê Thanh Phong',N'Nam','2001-10-10',N'Thanh Hóa','0996562555',N'Đang Học')
INSERT INTO [dbo].[HocVien] ([MaHV],[HoTen],[GioiTinh],[NgaySinh],[QueQuan],[SĐT],[TrangThai]) VALUES ('HV085',N'Dương Đức Minh Quân',N'Nam','2004-07-03',N'Hải Dương','0908622334',N'Đang Học')
INSERT INTO [dbo].[HocVien] ([MaHV],[HoTen],[GioiTinh],[NgaySinh],[QueQuan],[SĐT],[TrangThai]) VALUES ('HV086',N'Nguyễn Đặng Khánh Vi',N'Nữ','2005-03-15',N'Hà Nội','0909765432',N'Đang Học')
INSERT INTO [dbo].[HocVien] ([MaHV],[HoTen],[GioiTinh],[NgaySinh],[QueQuan],[SĐT],[TrangThai]) VALUES ('HV087',N'Mai Nguyên Quân',N'Nam','2003-04-30',N'Hà Nội','0908636735',N'Đang Học')
INSERT INTO [dbo].[HocVien] ([MaHV],[HoTen],[GioiTinh],[NgaySinh],[QueQuan],[SĐT],[TrangThai]) VALUES ('HV088',N'Nguyễn Đức Quân',N'Nam','2003-11-26',N'Hưng Yên','0987557533',N'Đang Học')
INSERT INTO [dbo].[HocVien] ([MaHV],[HoTen],[GioiTinh],[NgaySinh],[QueQuan],[SĐT],[TrangThai]) VALUES ('HV089',N'Trần Khánh Toàn',N'Nam','2002-08-19',N'Hòa Binh','0988657933',N'Bảo lưu')
INSERT INTO [dbo].[HocVien] ([MaHV],[HoTen],[GioiTinh],[NgaySinh],[QueQuan],[SĐT],[TrangThai]) VALUES ('HV090',N'Vũ Đình Huy',N'Nam','1998-11-03',N'Lai Châu','0964354374',N'Đang Học')
INSERT INTO [dbo].[HocVien] ([MaHV],[HoTen],[GioiTinh],[NgaySinh],[QueQuan],[SĐT],[TrangThai]) VALUES ('HV091',N'Dương Phước Hội',N'Nam','1997-12-06',N'Sơn La','0975364858',N'Đang Học')
INSERT INTO [dbo].[HocVien] ([MaHV],[HoTen],[GioiTinh],[NgaySinh],[QueQuan],[SĐT],[TrangThai]) VALUES ('HV092',N'Nguyễn Thành Đạt',N'Nam','2001-07-27',N'Lào Cai','0986436439',N'Đang Học')
INSERT INTO [dbo].[HocVien] ([MaHV],[HoTen],[GioiTinh],[NgaySinh],[QueQuan],[SĐT],[TrangThai]) VALUES ('HV093',N'Vũ Viết Hưng',N'Nam','2006-05-29',N'Yên Bái','0975638475',N'Đang Học')
INSERT INTO [dbo].[HocVien] ([MaHV],[HoTen],[GioiTinh],[NgaySinh],[QueQuan],[SĐT],[TrangThai]) VALUES ('HV094',N'Bùi Quốc Việt',N'Nam','1996-08-19',N'Bắc Giang','0975467689',N'Đang Học')
INSERT INTO [dbo].[HocVien] ([MaHV],[HoTen],[GioiTinh],[NgaySinh],[QueQuan],[SĐT],[TrangThai]) VALUES ('HV095',N'Hà Nguyễn Minh Trang',N'Nữ','1998-09-10',N'Hà Nội','0976547393',N'Đang Học')
INSERT INTO [dbo].[HocVien] ([MaHV],[HoTen],[GioiTinh],[NgaySinh],[QueQuan],[SĐT],[TrangThai]) VALUES ('HV096',N'Lê Ngọc Minh An',N'Nữ','1997-09-29',N'Vĩnh Phúc','0918791345',N'Đang Học')
INSERT INTO [dbo].[HocVien] ([MaHV],[HoTen],[GioiTinh],[NgaySinh],[QueQuan],[SĐT],[TrangThai]) VALUES ('HV097',N'Phạm Việt Anh',N'Nam','2001-09-20',N'Hà Nam','0998648453',N'Đang Học')
INSERT INTO [dbo].[HocVien] ([MaHV],[HoTen],[GioiTinh],[NgaySinh],[QueQuan],[SĐT],[TrangThai]) VALUES ('HV098',N'Nguyễn Diệp Anh',N'Nữ','1999-03-14',N'Phú Thọ','0908622334',N'Đang Học')
INSERT INTO [dbo].[HocVien] ([MaHV],[HoTen],[GioiTinh],[NgaySinh],[QueQuan],[SĐT],[TrangThai]) VALUES ('HV099',N'Nguyễn Doãn Bảo',N'Nam','2003-10-04',N'Ninh Bình','0909765432',N'Bảo lưu')
INSERT INTO [dbo].[HocVien] ([MaHV],[HoTen],[GioiTinh],[NgaySinh],[QueQuan],[SĐT],[TrangThai]) VALUES ('HV100',N'Lê Đức Minh',N'Nam','1999-10-24',N'Thái Bình','0908636735',N'Đang Học')
INSERT INTO [dbo].[HocVien] ([MaHV],[HoTen],[GioiTinh],[NgaySinh],[QueQuan],[SĐT],[TrangThai]) VALUES ('HV101',N'Vũ Bảo Nam',N'Nam','1996-11-30',N'Thái Bình','0987557533',N'Đang Học')
INSERT INTO [dbo].[HocVien] ([MaHV],[HoTen],[GioiTinh],[NgaySinh],[QueQuan],[SĐT],[TrangThai]) VALUES ('HV102',N'Nguyễn Hà An',N'Nữ','2004-05-21',N'Hải Dương','0988657933',N'Đang Học')


GO
INSERT INTO [dbo].[KhoaHoc] ([MaKH],[TenKH],[SoBuoi],[HocPhi]) VALUES ('SK000',N'4 Skills',24,4000000)
INSERT INTO [dbo].[KhoaHoc] ([MaKH],[TenKH],[SoBuoi],[HocPhi]) VALUES ('CO001',N'Giao tiếp căn bản',20,3500000)
INSERT INTO [dbo].[KhoaHoc] ([MaKH],[TenKH],[SoBuoi],[HocPhi]) VALUES ('CO002',N'Giao tiếp nâng cao',15,3500000)
INSERT INTO [dbo].[KhoaHoc] ([MaKH],[TenKH],[SoBuoi],[HocPhi]) VALUES ('IE002',N'Basic IELTS',17,4500000)
INSERT INTO [dbo].[KhoaHoc] ([MaKH],[TenKH],[SoBuoi],[HocPhi]) VALUES ('IE003',N'PRE IELTS',20,5000000)
INSERT INTO [dbo].[KhoaHoc] ([MaKH],[TenKH],[SoBuoi],[HocPhi]) VALUES ('IE004',N'5.5+ IELTS',16,5500000)
INSERT INTO [dbo].[KhoaHoc] ([MaKH],[TenKH],[SoBuoi],[HocPhi]) VALUES ('IE005',N'6.5+ IELTS',12,4000000)
INSERT INTO [dbo].[KhoaHoc] ([MaKH],[TenKH],[SoBuoi],[HocPhi]) VALUES ('IE006',N'7.5+ IELTS',12,4500000)
INSERT INTO [dbo].[KhoaHoc] ([MaKH],[TenKH],[SoBuoi],[HocPhi]) VALUES ('IE007',N'I5.5+I6.5 IELTS',21,10000000)
INSERT INTO [dbo].[KhoaHoc] ([MaKH],[TenKH],[SoBuoi],[HocPhi]) VALUES ('IE008',N'IELTS Tutor',20,15000000)
INSERT INTO [dbo].[KhoaHoc] ([MaKH],[TenKH],[SoBuoi],[HocPhi]) VALUES ('TOC001',N'TOEIC 450+',10,4000000)
INSERT INTO [dbo].[KhoaHoc] ([MaKH],[TenKH],[SoBuoi],[HocPhi]) VALUES ('TOC002',N'TOEIC 650+',10,4000000)
INSERT INTO [dbo].[KhoaHoc] ([MaKH],[TenKH],[SoBuoi],[HocPhi]) VALUES ('TOC003',N'TOEIC Tutor',20,12000000)


GO
INSERT INTO [dbo].[GiaoTrinh] ([MaGT],[TieuDe],[MaKH]) VALUES ('GT001',N'Skills for English','SK000')
INSERT INTO [dbo].[GiaoTrinh] ([MaGT],[TieuDe],[MaKH]) VALUES ('GT002',N'Let"s Talk-University Press','CO001')
INSERT INTO [dbo].[GiaoTrinh] ([MaGT],[TieuDe],[MaKH]) VALUES ('GT003',N'Advanced Communication Skills','CO002')
INSERT INTO [dbo].[GiaoTrinh] ([MaGT],[TieuDe],[MaKH]) VALUES ('GT004',N'Cambridge Grammar for IELTS','IE003')
INSERT INTO [dbo].[GiaoTrinh] ([MaGT],[TieuDe],[MaKH]) VALUES ('GT005',N'IELTS Foundation','IE002')
INSERT INTO [dbo].[GiaoTrinh] ([MaGT],[TieuDe],[MaKH]) VALUES ('GT006',N'Cambridge IELTS series','IE003')
INSERT INTO [dbo].[GiaoTrinh] ([MaGT],[TieuDe],[MaKH]) VALUES ('GT007',N'Get Ready for IELTS','IE004')
INSERT INTO [dbo].[GiaoTrinh] ([MaGT],[TieuDe],[MaKH]) VALUES ('GT008',N'Cambridge IELTS 3+4','IE005')
INSERT INTO [dbo].[GiaoTrinh] ([MaGT],[TieuDe],[MaKH]) VALUES ('GT009',N'Cambridge IELTS 5+6','IE006')
INSERT INTO [dbo].[GiaoTrinh] ([MaGT],[TieuDe],[MaKH]) VALUES ('GT010',N'Road to IELTS','IE007')
INSERT INTO [dbo].[GiaoTrinh] ([MaGT],[TieuDe],[MaKH]) VALUES ('GT011',N'Complete IELTS','IE008')
INSERT INTO [dbo].[GiaoTrinh] ([MaGT],[TieuDe],[MaKH]) VALUES ('GT012',N'Target TOEIC','TOC001')
INSERT INTO [dbo].[GiaoTrinh] ([MaGT],[TieuDe],[MaKH]) VALUES ('GT013',N'Hackers TOEIC','TOC002')
INSERT INTO [dbo].[GiaoTrinh] ([MaGT],[TieuDe],[MaKH]) VALUES ('GT014',N'TOEIC Official Test-Perparation Guide','TOC003')
INSERT INTO [dbo].[GiaoTrinh] ([MaGT],[TieuDe],[MaKH]) VALUES ('GT015',N'IELTS for 5.5+ Speaking','IE004')
INSERT INTO [dbo].[GiaoTrinh] ([MaGT],[TieuDe],[MaKH]) VALUES ('GT016',N'IELTS for 5.5+ Reading','IE004')
INSERT INTO [dbo].[GiaoTrinh] ([MaGT],[TieuDe],[MaKH]) VALUES ('GT017',N'IELTS for 5.5+ Listening','IE004')
INSERT INTO [dbo].[GiaoTrinh] ([MaGT],[TieuDe],[MaKH]) VALUES ('GT018',N'IELTS for 5.5+ Writing','IE004')
INSERT INTO [dbo].[GiaoTrinh] ([MaGT],[TieuDe],[MaKH]) VALUES ('GT019',N'IELTS for 6.5+ Speaking','IE005')
INSERT INTO [dbo].[GiaoTrinh] ([MaGT],[TieuDe],[MaKH]) VALUES ('GT020',N'IELTS for 6.5+ Reading','IE005')
INSERT INTO [dbo].[GiaoTrinh] ([MaGT],[TieuDe],[MaKH]) VALUES ('GT021',N'IELTS for 6.5+ Listening','IE005')
INSERT INTO [dbo].[GiaoTrinh] ([MaGT],[TieuDe],[MaKH]) VALUES ('GT022',N'IELTS for 6.5+ Writing','IE005')
INSERT INTO [dbo].[GiaoTrinh] ([MaGT],[TieuDe],[MaKH]) VALUES ('GT023',N'IELTS for 7.5+ Speaking','IE006')
INSERT INTO [dbo].[GiaoTrinh] ([MaGT],[TieuDe],[MaKH]) VALUES ('GT024',N'IELTS for 7.5+ Reading','IE006')
INSERT INTO [dbo].[GiaoTrinh] ([MaGT],[TieuDe],[MaKH]) VALUES ('GT025',N'IELTS for 7.5+ Listening','IE006')
INSERT INTO [dbo].[GiaoTrinh] ([MaGT],[TieuDe],[MaKH]) VALUES ('GT026',N'IELTS for 7.5+ Writing','IE006')
INSERT INTO [dbo].[GiaoTrinh] ([MaGT],[TieuDe],[MaKH]) VALUES ('GT027',N'IELTS for Maters Speaking','IE007')
INSERT INTO [dbo].[GiaoTrinh] ([MaGT],[TieuDe],[MaKH]) VALUES ('GT028',N'IELTS for Maters Reading','IE007')
INSERT INTO [dbo].[GiaoTrinh] ([MaGT],[TieuDe],[MaKH]) VALUES ('GT029',N'IELTS for Maters Listening','IE007')
INSERT INTO [dbo].[GiaoTrinh] ([MaGT],[TieuDe],[MaKH]) VALUES ('GT030',N'IELTS for Maters Writing','IE007')
INSERT INTO [dbo].[GiaoTrinh] ([MaGT],[TieuDe],[MaKH]) VALUES ('GT031',N'IELTS for Tutor Speaking','IE008')
INSERT INTO [dbo].[GiaoTrinh] ([MaGT],[TieuDe],[MaKH]) VALUES ('GT032',N'IELTS for Tutor Reading','IE008')
INSERT INTO [dbo].[GiaoTrinh] ([MaGT],[TieuDe],[MaKH]) VALUES ('GT033',N'IELTS for Tutor Listening','IE008')
INSERT INTO [dbo].[GiaoTrinh] ([MaGT],[TieuDe],[MaKH]) VALUES ('GT034',N'IELTS for Tutor Writing','IE008')
INSERT INTO [dbo].[GiaoTrinh] ([MaGT],[TieuDe],[MaKH]) VALUES ('GT035',N'Benging IELTS','IE003')


GO
INSERT INTO [dbo].[LopHoc] ([MaLH],[MaKH],[MaNV],[TenLH]) VALUES ('LH001','SK000','GV0001','Speaking skills class')
INSERT INTO [dbo].[LopHoc] ([MaLH],[MaKH],[MaNV],[TenLH]) VALUES ('LH002','SK000','GV0002','Communicate skills class')
INSERT INTO [dbo].[LopHoc] ([MaLH],[MaKH],[MaNV],[TenLH]) VALUES ('LH003','SK000','GV0003','Listening skills classSpeaking skills class')
INSERT INTO [dbo].[LopHoc] ([MaLH],[MaKH],[MaNV],[TenLH]) VALUES ('LH004','SK000','GV0004','Writing skills class')
INSERT INTO [dbo].[LopHoc] ([MaLH],[MaKH],[MaNV],[TenLH]) VALUES ('LH005','SK000','GV0005','Reading skills class')
INSERT INTO [dbo].[LopHoc] ([MaLH],[MaKH],[MaNV],[TenLH]) VALUES ('LH006','CO001','GV0002','Pronounce class')
INSERT INTO [dbo].[LopHoc] ([MaLH],[MaKH],[MaNV],[TenLH]) VALUES ('LH007','CO001','GV0001','Daily communication class')
INSERT INTO [dbo].[LopHoc] ([MaLH],[MaKH],[MaNV],[TenLH]) VALUES ('LH008','CO002','GV0008','SCommunication class by topic')
INSERT INTO [dbo].[LopHoc] ([MaLH],[MaKH],[MaNV],[TenLH]) VALUES ('LH009','CO002','GV0009','SCommunication class with foreigners')
INSERT INTO [dbo].[LopHoc] ([MaLH],[MaKH],[MaNV],[TenLH]) VALUES ('LH010','IE002','GV0010','Basic speaking skills class')
INSERT INTO [dbo].[LopHoc] ([MaLH],[MaKH],[MaNV],[TenLH]) VALUES ('LH011','IE002','GV0011','Basic writing skills class')
INSERT INTO [dbo].[LopHoc] ([MaLH],[MaKH],[MaNV],[TenLH]) VALUES ('LH012','IE002','GV0012','Basic reading skills class')
INSERT INTO [dbo].[LopHoc] ([MaLH],[MaKH],[MaNV],[TenLH]) VALUES ('LH013','IE002','GV0013','Basic listening skills class')
INSERT INTO [dbo].[LopHoc] ([MaLH],[MaKH],[MaNV],[TenLH]) VALUES ('LH014','IE003','GV0014','Grammar A2 class')
INSERT INTO [dbo].[LopHoc] ([MaLH],[MaKH],[MaNV],[TenLH]) VALUES ('LH015','IE003','GV0015','Grammar B1 class')
INSERT INTO [dbo].[LopHoc] ([MaLH],[MaKH],[MaNV],[TenLH]) VALUES ('LH016','IE003','GV0016','Grammar IELTS class')
INSERT INTO [dbo].[LopHoc] ([MaLH],[MaKH],[MaNV],[TenLH]) VALUES ('LH017','IE004','GV0017','5.5+ reading class')
INSERT INTO [dbo].[LopHoc] ([MaLH],[MaKH],[MaNV],[TenLH]) VALUES ('LH018','IE004','GV0011','5.5+ writing class')
INSERT INTO [dbo].[LopHoc] ([MaLH],[MaKH],[MaNV],[TenLH]) VALUES ('LH019','IE004','GV0019','5.5+ speaking class')
INSERT INTO [dbo].[LopHoc] ([MaLH],[MaKH],[MaNV],[TenLH]) VALUES ('LH020','IE004','GV0020','5.5+ listening class')
INSERT INTO [dbo].[LopHoc] ([MaLH],[MaKH],[MaNV],[TenLH]) VALUES ('LH021','IE005','GV0021','General reading class')
INSERT INTO [dbo].[LopHoc] ([MaLH],[MaKH],[MaNV],[TenLH]) VALUES ('LH022','IE005','GV0022','General speaking class')
INSERT INTO [dbo].[LopHoc] ([MaLH],[MaKH],[MaNV],[TenLH]) VALUES ('LH023','IE005','GV0023','General writing class')
INSERT INTO [dbo].[LopHoc] ([MaLH],[MaKH],[MaNV],[TenLH]) VALUES ('LH024','IE005','GV0024','General listening class')
INSERT INTO [dbo].[LopHoc] ([MaLH],[MaKH],[MaNV],[TenLH]) VALUES ('LH025','IE006','GV0025','Academic reading class')
INSERT INTO [dbo].[LopHoc] ([MaLH],[MaKH],[MaNV],[TenLH]) VALUES ('LH026','IE006','GV0026','Academic writing class')
INSERT INTO [dbo].[LopHoc] ([MaLH],[MaKH],[MaNV],[TenLH]) VALUES ('LH027','IE006','GV0027','Academic listening class')
INSERT INTO [dbo].[LopHoc] ([MaLH],[MaKH],[MaNV],[TenLH]) VALUES ('LH028','IE006','GV0022','Academic speaking class')
INSERT INTO [dbo].[LopHoc] ([MaLH],[MaKH],[MaNV],[TenLH]) VALUES ('LH029','IE007','GV0029','Masters speaking class')
INSERT INTO [dbo].[LopHoc] ([MaLH],[MaKH],[MaNV],[TenLH]) VALUES ('LH030','IE007','GV0030','Masters reading class')
INSERT INTO [dbo].[LopHoc] ([MaLH],[MaKH],[MaNV],[TenLH]) VALUES ('LH031','IE007','GV0031','Masters writing class')
INSERT INTO [dbo].[LopHoc] ([MaLH],[MaKH],[MaNV],[TenLH]) VALUES ('LH032','IE007','GV0032','Masters listening class')
INSERT INTO [dbo].[LopHoc] ([MaLH],[MaKH],[MaNV],[TenLH]) VALUES ('LH033','IE008','GV0030','Reading tutor class')
INSERT INTO [dbo].[LopHoc] ([MaLH],[MaKH],[MaNV],[TenLH]) VALUES ('LH034','IE008','GV0032','Listening tutor class')
INSERT INTO [dbo].[LopHoc] ([MaLH],[MaKH],[MaNV],[TenLH]) VALUES ('LH035','IE008','GV0029','Speaking tutor class')
INSERT INTO [dbo].[LopHoc] ([MaLH],[MaKH],[MaNV],[TenLH]) VALUES ('LH036','IE008','GV0031','Writing tutor class')
INSERT INTO [dbo].[LopHoc] ([MaLH],[MaKH],[MaNV],[TenLH]) VALUES ('LH037','TOC001','GV0017','Basic TOEIC reading skills class')
INSERT INTO [dbo].[LopHoc] ([MaLH],[MaKH],[MaNV],[TenLH]) VALUES ('LH038','TOC001','GV0020','Basic TOEIC listening skills class')
INSERT INTO [dbo].[LopHoc] ([MaLH],[MaKH],[MaNV],[TenLH]) VALUES ('LH039','TOC002','GV0021','TOEIC reading skills class')
INSERT INTO [dbo].[LopHoc] ([MaLH],[MaKH],[MaNV],[TenLH]) VALUES ('LH040','TOC002','GV0024','TOEIC listening skills class')
INSERT INTO [dbo].[LopHoc] ([MaLH],[MaKH],[MaNV],[TenLH]) VALUES ('LH041','TOC003','GV0027','TOEIC listening skills tutoring class')
INSERT INTO [dbo].[LopHoc] ([MaLH],[MaKH],[MaNV],[TenLH]) VALUES ('LH042','TOC003','GV0025','TOEIC reading skills tutoring class')


GO
INSERT INTO [dbo].[TietHoc] ([MaTH],[MaLH],[MaPH],[MaTG],[ThoiGian],[TrangThai]) VALUES ('TH0001','LH001','MP001','TG001','2023-02-02 18:00:00','full slots')
INSERT INTO [dbo].[TietHoc] ([MaTH],[MaLH],[MaPH],[MaTG],[ThoiGian],[TrangThai]) VALUES ('TH0002','LH001','MP001','TG002','2023-02-04 18:00:00','full slots')
INSERT INTO [dbo].[TietHoc] ([MaTH],[MaLH],[MaPH],[MaTG],[ThoiGian],[TrangThai]) VALUES ('TH0003','LH001','MP001','TG001','2023-02-06 18:00:00','full slots')
INSERT INTO [dbo].[TietHoc] ([MaTH],[MaLH],[MaPH],[MaTG],[ThoiGian],[TrangThai]) VALUES ('TH0004','LH001','MP001','TG002','2023-02-08 18:00:00','full slots')
INSERT INTO [dbo].[TietHoc] ([MaTH],[MaLH],[MaPH],[MaTG],[ThoiGian],[TrangThai]) VALUES ('TH0005','LH002','MP003','TG001','2023-02-10 18:00:00','full slots')
INSERT INTO [dbo].[TietHoc] ([MaTH],[MaLH],[MaPH],[MaTG],[ThoiGian],[TrangThai]) VALUES ('TH0006','LH002','MP003','TG002','2023-02-12 18:00:00','full slots')
INSERT INTO [dbo].[TietHoc] ([MaTH],[MaLH],[MaPH],[MaTG],[ThoiGian],[TrangThai]) VALUES ('TH0007','LH002','MP003','TG001','2023-02-14 18:00:00','full slots')
INSERT INTO [dbo].[TietHoc] ([MaTH],[MaLH],[MaPH],[MaTG],[ThoiGian],[TrangThai]) VALUES ('TH0008','LH002','MP003','TG002','2023-02-16 18:00:00','full slots')
INSERT INTO [dbo].[TietHoc] ([MaTH],[MaLH],[MaPH],[MaTG],[ThoiGian],[TrangThai]) VALUES ('TH0009','LH002','MP003','TG001','2023-02-18 18:00:00','full slots')
INSERT INTO [dbo].[TietHoc] ([MaTH],[MaLH],[MaPH],[MaTG],[ThoiGian],[TrangThai]) VALUES ('TH0010','LH003','MP002','TG002','2023-02-20 18:00:00','full slots')
INSERT INTO [dbo].[TietHoc] ([MaTH],[MaLH],[MaPH],[MaTG],[ThoiGian],[TrangThai]) VALUES ('TH0011','LH003','MP002','TG001','2023-02-22 18:00:00','full slots')
INSERT INTO [dbo].[TietHoc] ([MaTH],[MaLH],[MaPH],[MaTG],[ThoiGian],[TrangThai]) VALUES ('TH0012','LH003','MP002','TG002','2023-02-24 18:00:00','full slots')
INSERT INTO [dbo].[TietHoc] ([MaTH],[MaLH],[MaPH],[MaTG],[ThoiGian],[TrangThai]) VALUES ('TH0013','LH003','MP002','TG001','2023-02-26 18:00:00','full slots')
INSERT INTO [dbo].[TietHoc] ([MaTH],[MaLH],[MaPH],[MaTG],[ThoiGian],[TrangThai]) VALUES ('TH0014','LH003','MP002','TG002','2023-02-28 18:00:00','full slots')
INSERT INTO [dbo].[TietHoc] ([MaTH],[MaLH],[MaPH],[MaTG],[ThoiGian],[TrangThai]) VALUES ('TH0015','LH004','MP004','TG001','2023-02-27 18:00:00','full slots')
INSERT INTO [dbo].[TietHoc] ([MaTH],[MaLH],[MaPH],[MaTG],[ThoiGian],[TrangThai]) VALUES ('TH0016','LH004','MP004','TG002','2023-03-02 18:00:00','full slots')
INSERT INTO [dbo].[TietHoc] ([MaTH],[MaLH],[MaPH],[MaTG],[ThoiGian],[TrangThai]) VALUES ('TH0017','LH004','MP004','TG001','2023-03-04 18:00:00','full slots')
INSERT INTO [dbo].[TietHoc] ([MaTH],[MaLH],[MaPH],[MaTG],[ThoiGian],[TrangThai]) VALUES ('TH0018','LH004','MP004','TG002','2023-03-06 18:00:00','full slots')
INSERT INTO [dbo].[TietHoc] ([MaTH],[MaLH],[MaPH],[MaTG],[ThoiGian],[TrangThai]) VALUES ('TH0019','LH004','MP004','TG001','2023-03-08 18:00:00','full slots')
INSERT INTO [dbo].[TietHoc] ([MaTH],[MaLH],[MaPH],[MaTG],[ThoiGian],[TrangThai]) VALUES ('TH0020','LH005','MP004','TG002','2023-03-10 18:00:00','full slots')
INSERT INTO [dbo].[TietHoc] ([MaTH],[MaLH],[MaPH],[MaTG],[ThoiGian],[TrangThai]) VALUES ('TH0021','LH005','MP004','TG001','2023-03-12 18:00:00','full slots')
INSERT INTO [dbo].[TietHoc] ([MaTH],[MaLH],[MaPH],[MaTG],[ThoiGian],[TrangThai]) VALUES ('TH0022','LH005','MP004','TG002','2023-03-14 18:00:00','full slots')
INSERT INTO [dbo].[TietHoc] ([MaTH],[MaLH],[MaPH],[MaTG],[ThoiGian],[TrangThai]) VALUES ('TH0023','LH005','MP004','TG001','2023-03-16 18:00:00','full slots')
INSERT INTO [dbo].[TietHoc] ([MaTH],[MaLH],[MaPH],[MaTG],[ThoiGian],[TrangThai]) VALUES ('TH0024','LH005','MP004','TG002','2023-03-18 18:00:00','full slots')
INSERT INTO [dbo].[TietHoc] ([MaTH],[MaLH],[MaPH],[MaTG],[ThoiGian],[TrangThai]) VALUES ('TH0025','LH006','MP010','TG004','2023-02-02 20:00:00','full slots')
INSERT INTO [dbo].[TietHoc] ([MaTH],[MaLH],[MaPH],[MaTG],[ThoiGian],[TrangThai]) VALUES ('TH0026','LH006','MP010','TG005','2023-02-04 20:00:00','full slots')
INSERT INTO [dbo].[TietHoc] ([MaTH],[MaLH],[MaPH],[MaTG],[ThoiGian],[TrangThai]) VALUES ('TH0027','LH006','MP010','TG004','2023-02-06 20:00:00','full slots')
INSERT INTO [dbo].[TietHoc] ([MaTH],[MaLH],[MaPH],[MaTG],[ThoiGian],[TrangThai]) VALUES ('TH0028','LH006','MP010','TG005','2023-02-08 20:00:00','full slots')
INSERT INTO [dbo].[TietHoc] ([MaTH],[MaLH],[MaPH],[MaTG],[ThoiGian],[TrangThai]) VALUES ('TH0029','LH006','MP010','TG004','2023-02-10 20:00:00','full slots')
INSERT INTO [dbo].[TietHoc] ([MaTH],[MaLH],[MaPH],[MaTG],[ThoiGian],[TrangThai]) VALUES ('TH0030','LH006','MP010','TG005','2023-02-12 20:00:00','full slots')
INSERT INTO [dbo].[TietHoc] ([MaTH],[MaLH],[MaPH],[MaTG],[ThoiGian],[TrangThai]) VALUES ('TH0031','LH006','MP010','TG004','2023-02-14 20:00:00','full slots')
INSERT INTO [dbo].[TietHoc] ([MaTH],[MaLH],[MaPH],[MaTG],[ThoiGian],[TrangThai]) VALUES ('TH0032','LH006','MP010','TG005','2023-02-16 20:00:00','full slots')
INSERT INTO [dbo].[TietHoc] ([MaTH],[MaLH],[MaPH],[MaTG],[ThoiGian],[TrangThai]) VALUES ('TH0033','LH006','MP010','TG004','2023-02-18 20:00:00','full slots')
INSERT INTO [dbo].[TietHoc] ([MaTH],[MaLH],[MaPH],[MaTG],[ThoiGian],[TrangThai]) VALUES ('TH0034','LH006','MP010','TG005','2023-02-20 20:00:00','full slots')
INSERT INTO [dbo].[TietHoc] ([MaTH],[MaLH],[MaPH],[MaTG],[ThoiGian],[TrangThai]) VALUES ('TH0035','LH007','MP011','TG004','2023-02-22 20:00:00','full slots')
INSERT INTO [dbo].[TietHoc] ([MaTH],[MaLH],[MaPH],[MaTG],[ThoiGian],[TrangThai]) VALUES ('TH0036','LH007','MP011','TG005','2023-02-24 20:00:00','full slots')
INSERT INTO [dbo].[TietHoc] ([MaTH],[MaLH],[MaPH],[MaTG],[ThoiGian],[TrangThai]) VALUES ('TH0037','LH007','MP011','TG004','2023-02-26 20:00:00','full slots')
INSERT INTO [dbo].[TietHoc] ([MaTH],[MaLH],[MaPH],[MaTG],[ThoiGian],[TrangThai]) VALUES ('TH0038','LH007','MP011','TG005','2023-02-28 20:00:00','full slots')
INSERT INTO [dbo].[TietHoc] ([MaTH],[MaLH],[MaPH],[MaTG],[ThoiGian],[TrangThai]) VALUES ('TH0039','LH007','MP011','TG004','2023-02-27 20:00:00','full slots')
INSERT INTO [dbo].[TietHoc] ([MaTH],[MaLH],[MaPH],[MaTG],[ThoiGian],[TrangThai]) VALUES ('TH0040','LH007','MP011','TG005','2023-03-02 20:00:00','full slots')
INSERT INTO [dbo].[TietHoc] ([MaTH],[MaLH],[MaPH],[MaTG],[ThoiGian],[TrangThai]) VALUES ('TH0041','LH007','MP011','TG004','2023-03-04 20:00:00','full slots')
INSERT INTO [dbo].[TietHoc] ([MaTH],[MaLH],[MaPH],[MaTG],[ThoiGian],[TrangThai]) VALUES ('TH0042','LH007','MP011','TG005','2023-03-06 20:00:00','full slots')
INSERT INTO [dbo].[TietHoc] ([MaTH],[MaLH],[MaPH],[MaTG],[ThoiGian],[TrangThai]) VALUES ('TH0043','LH007','MP011','TG004','2023-03-08 20:00:00','full slots')
INSERT INTO [dbo].[TietHoc] ([MaTH],[MaLH],[MaPH],[MaTG],[ThoiGian],[TrangThai]) VALUES ('TH0044','LH007','MP011','TG005','2023-03-10 20:00:00','full slots')
INSERT INTO [dbo].[TietHoc] ([MaTH],[MaLH],[MaPH],[MaTG],[ThoiGian],[TrangThai]) VALUES ('TH0045','LH008','MP007','TG004','2023-03-12 20:00:00','full slots')
INSERT INTO [dbo].[TietHoc] ([MaTH],[MaLH],[MaPH],[MaTG],[ThoiGian],[TrangThai]) VALUES ('TH0046','LH008','MP007','TG005','2023-03-14 20:00:00','full slots')
INSERT INTO [dbo].[TietHoc] ([MaTH],[MaLH],[MaPH],[MaTG],[ThoiGian],[TrangThai]) VALUES ('TH0047','LH008','MP007','TG004','2023-03-16 20:00:00','full slots')
INSERT INTO [dbo].[TietHoc] ([MaTH],[MaLH],[MaPH],[MaTG],[ThoiGian],[TrangThai]) VALUES ('TH0048','LH008','MP007','TG005','2023-03-18 20:00:00','full slots')
INSERT INTO [dbo].[TietHoc] ([MaTH],[MaLH],[MaPH],[MaTG],[ThoiGian],[TrangThai]) VALUES ('TH0049','LH008','MP007','TG004','2023-03-20 20:00:00','full slots')
INSERT INTO [dbo].[TietHoc] ([MaTH],[MaLH],[MaPH],[MaTG],[ThoiGian],[TrangThai]) VALUES ('TH0050','LH008','MP007','TG005','2023-03-22 20:00:00','full slots')
INSERT INTO [dbo].[TietHoc] ([MaTH],[MaLH],[MaPH],[MaTG],[ThoiGian],[TrangThai]) VALUES ('TH0051','LH008','MP007','TG004','2023-03-24 20:00:00','full slots')
INSERT INTO [dbo].[TietHoc] ([MaTH],[MaLH],[MaPH],[MaTG],[ThoiGian],[TrangThai]) VALUES ('TH0052','LH008','MP007','TG005','2023-03-26 20:00:00','full slots')
INSERT INTO [dbo].[TietHoc] ([MaTH],[MaLH],[MaPH],[MaTG],[ThoiGian],[TrangThai]) VALUES ('TH0053','LH008','MP007','TG004','2023-03-28 20:00:00','full slots')
INSERT INTO [dbo].[TietHoc] ([MaTH],[MaLH],[MaPH],[MaTG],[ThoiGian],[TrangThai]) VALUES ('TH0054','LH008','MP007','TG005','2023-03-30 20:00:00','full slots')
INSERT INTO [dbo].[TietHoc] ([MaTH],[MaLH],[MaPH],[MaTG],[ThoiGian],[TrangThai]) VALUES ('TH0055','LH009','MP009','TG004','2023-04-02 20:00:00','full slots')
INSERT INTO [dbo].[TietHoc] ([MaTH],[MaLH],[MaPH],[MaTG],[ThoiGian],[TrangThai]) VALUES ('TH0056','LH009','MP009','TG005','2023-04-04 20:00:00','full slots')
INSERT INTO [dbo].[TietHoc] ([MaTH],[MaLH],[MaPH],[MaTG],[ThoiGian],[TrangThai]) VALUES ('TH0057','LH009','MP009','TG004','2023-04-06 20:00:00','full slots')
INSERT INTO [dbo].[TietHoc] ([MaTH],[MaLH],[MaPH],[MaTG],[ThoiGian],[TrangThai]) VALUES ('TH0058','LH009','MP009','TG005','2023-04-08 20:00:00','full slots')
INSERT INTO [dbo].[TietHoc] ([MaTH],[MaLH],[MaPH],[MaTG],[ThoiGian],[TrangThai]) VALUES ('TH0059','LH009','MP009','TG004','2023-04-10 20:00:00','full slots')
INSERT INTO [dbo].[TietHoc] ([MaTH],[MaLH],[MaPH],[MaTG],[ThoiGian],[TrangThai]) VALUES ('TH0060','LH010','MP012','TG008','2023-03-20 18:00:00','full slots')
INSERT INTO [dbo].[TietHoc] ([MaTH],[MaLH],[MaPH],[MaTG],[ThoiGian],[TrangThai]) VALUES ('TH0061','LH010','MP012','TG009','2023-03-22 18:00:00','full slots')
INSERT INTO [dbo].[TietHoc] ([MaTH],[MaLH],[MaPH],[MaTG],[ThoiGian],[TrangThai]) VALUES ('TH0062','LH010','MP012','TG008','2023-03-24 18:00:00','full slots')
INSERT INTO [dbo].[TietHoc] ([MaTH],[MaLH],[MaPH],[MaTG],[ThoiGian],[TrangThai]) VALUES ('TH0063','LH010','MP012','TG009','2023-03-26 18:00:00','full slots')
INSERT INTO [dbo].[TietHoc] ([MaTH],[MaLH],[MaPH],[MaTG],[ThoiGian],[TrangThai]) VALUES ('TH0064','LH010','MP014','TG008','2023-03-28 18:00:00','full slots')
INSERT INTO [dbo].[TietHoc] ([MaTH],[MaLH],[MaPH],[MaTG],[ThoiGian],[TrangThai]) VALUES ('TH0065','LH011','MP015','TG009','2023-03-30 18:00:00','full slots')
INSERT INTO [dbo].[TietHoc] ([MaTH],[MaLH],[MaPH],[MaTG],[ThoiGian],[TrangThai]) VALUES ('TH0066','LH011','MP015','TG008','2023-04-02 18:00:00','full slots')
INSERT INTO [dbo].[TietHoc] ([MaTH],[MaLH],[MaPH],[MaTG],[ThoiGian],[TrangThai]) VALUES ('TH0067','LH011','MP015','TG009','2023-04-04 18:00:00','full slots')
INSERT INTO [dbo].[TietHoc] ([MaTH],[MaLH],[MaPH],[MaTG],[ThoiGian],[TrangThai]) VALUES ('TH0068','LH011','MP015','TG008','2023-04-06 18:00:00','full slots')
INSERT INTO [dbo].[TietHoc] ([MaTH],[MaLH],[MaPH],[MaTG],[ThoiGian],[TrangThai]) VALUES ('TH0069','LH012','MP016','TG009','2023-04-02 18:00:00','full slots')
INSERT INTO [dbo].[TietHoc] ([MaTH],[MaLH],[MaPH],[MaTG],[ThoiGian],[TrangThai]) VALUES ('TH0070','LH012','MP016','TG008','2023-04-04 18:00:00','full slots')
INSERT INTO [dbo].[TietHoc] ([MaTH],[MaLH],[MaPH],[MaTG],[ThoiGian],[TrangThai]) VALUES ('TH0071','LH012','MP016','TG009','2023-04-06 18:00:00','full slots')
INSERT INTO [dbo].[TietHoc] ([MaTH],[MaLH],[MaPH],[MaTG],[ThoiGian],[TrangThai]) VALUES ('TH0072','LH012','MP016','TG008','2023-04-08 18:00:00','full slots')
INSERT INTO [dbo].[TietHoc] ([MaTH],[MaLH],[MaPH],[MaTG],[ThoiGian],[TrangThai]) VALUES ('TH0073','LH013','MP013','TG009','2023-04-10 18:00:00','full slots')
INSERT INTO [dbo].[TietHoc] ([MaTH],[MaLH],[MaPH],[MaTG],[ThoiGian],[TrangThai]) VALUES ('TH0074','LH013','MP013','TG008','2023-04-12 18:00:00','full slots')
INSERT INTO [dbo].[TietHoc] ([MaTH],[MaLH],[MaPH],[MaTG],[ThoiGian],[TrangThai]) VALUES ('TH0075','LH013','MP013','TG009','2023-04-14 18:00:00','full slots')
INSERT INTO [dbo].[TietHoc] ([MaTH],[MaLH],[MaPH],[MaTG],[ThoiGian],[TrangThai]) VALUES ('TH0076','LH013','MP013','TG008','2023-04-16 18:00:00','full slots')
INSERT INTO [dbo].[TietHoc] ([MaTH],[MaLH],[MaPH],[MaTG],[ThoiGian],[TrangThai]) VALUES ('TH0077','LH014','MP017','TG009','2023-04-18 18:00:00','full slots')
INSERT INTO [dbo].[TietHoc] ([MaTH],[MaLH],[MaPH],[MaTG],[ThoiGian],[TrangThai]) VALUES ('TH0078','LH014','MP017','TG008','2023-04-12 20:00:00','full slots')
INSERT INTO [dbo].[TietHoc] ([MaTH],[MaLH],[MaPH],[MaTG],[ThoiGian],[TrangThai]) VALUES ('TH0079','LH014','MP017','TG009','2023-04-14 20:00:00','full slots')
INSERT INTO [dbo].[TietHoc] ([MaTH],[MaLH],[MaPH],[MaTG],[ThoiGian],[TrangThai]) VALUES ('TH0080','LH014','MP017','TG008','2023-04-16 18:00:00','full slots')
INSERT INTO [dbo].[TietHoc] ([MaTH],[MaLH],[MaPH],[MaTG],[ThoiGian],[TrangThai]) VALUES ('TH0081','LH014','MP017','TG009','2023-04-18 18:00:00','full slots')
INSERT INTO [dbo].[TietHoc] ([MaTH],[MaLH],[MaPH],[MaTG],[ThoiGian],[TrangThai]) VALUES ('TH0082','LH014','MP017','TG008','2023-04-20 18:00:00','full slots')
INSERT INTO [dbo].[TietHoc] ([MaTH],[MaLH],[MaPH],[MaTG],[ThoiGian],[TrangThai]) VALUES ('TH0083','LH015','MP018','TG009','2023-04-22 18:00:00','full slots')
INSERT INTO [dbo].[TietHoc] ([MaTH],[MaLH],[MaPH],[MaTG],[ThoiGian],[TrangThai]) VALUES ('TH0084','LH015','MP018','TG008','2023-04-24 18:00:00','full slots')
INSERT INTO [dbo].[TietHoc] ([MaTH],[MaLH],[MaPH],[MaTG],[ThoiGian],[TrangThai]) VALUES ('TH0085','LH015','MP018','TG009','2023-04-26 18:00:00','full slots')
INSERT INTO [dbo].[TietHoc] ([MaTH],[MaLH],[MaPH],[MaTG],[ThoiGian],[TrangThai]) VALUES ('TH0086','LH015','MP018','TG008','2023-04-28 18:00:00','full slots')
INSERT INTO [dbo].[TietHoc] ([MaTH],[MaLH],[MaPH],[MaTG],[ThoiGian],[TrangThai]) VALUES ('TH0087','LH015','MP018','TG009','2023-04-30 18:00:00','full slots')
INSERT INTO [dbo].[TietHoc] ([MaTH],[MaLH],[MaPH],[MaTG],[ThoiGian],[TrangThai]) VALUES ('TH0088','LH015','MP018','TG008','2023-05-02 20:00:00','full slots')
INSERT INTO [dbo].[TietHoc] ([MaTH],[MaLH],[MaPH],[MaTG],[ThoiGian],[TrangThai]) VALUES ('TH0089','LH015','MP018','TG009','2023-05-04 20:00:00','full slots')
INSERT INTO [dbo].[TietHoc] ([MaTH],[MaLH],[MaPH],[MaTG],[ThoiGian],[TrangThai]) VALUES ('TH0090','LH016','MP013','TG008','2023-05-06 20:00:00','full slots')
INSERT INTO [dbo].[TietHoc] ([MaTH],[MaLH],[MaPH],[MaTG],[ThoiGian],[TrangThai]) VALUES ('TH0091','LH016','MP013','TG009','2023-05-08 20:00:00','full slots')
INSERT INTO [dbo].[TietHoc] ([MaTH],[MaLH],[MaPH],[MaTG],[ThoiGian],[TrangThai]) VALUES ('TH0092','LH016','MP013','TG008','2023-05-10 20:00:00','full slots')
INSERT INTO [dbo].[TietHoc] ([MaTH],[MaLH],[MaPH],[MaTG],[ThoiGian],[TrangThai]) VALUES ('TH0093','LH016','MP013','TG009','2023-05-12 20:00:00','full slots')
INSERT INTO [dbo].[TietHoc] ([MaTH],[MaLH],[MaPH],[MaTG],[ThoiGian],[TrangThai]) VALUES ('TH0094','LH016','MP013','TG008','2023-05-14 20:00:00','full slots')
INSERT INTO [dbo].[TietHoc] ([MaTH],[MaLH],[MaPH],[MaTG],[ThoiGian],[TrangThai]) VALUES ('TH0095','LH016','MP013','TG009','2023-05-16 20:00:00','full slots')
INSERT INTO [dbo].[TietHoc] ([MaTH],[MaLH],[MaPH],[MaTG],[ThoiGian],[TrangThai]) VALUES ('TH0096','LH016','MP013','TG008','2023-05-18 20:00:00','full slots')
INSERT INTO [dbo].[TietHoc] ([MaTH],[MaLH],[MaPH],[MaTG],[ThoiGian],[TrangThai]) VALUES ('TH0097','LH017','MP022','TG010','2023-04-30 18:00:00','full slots')
INSERT INTO [dbo].[TietHoc] ([MaTH],[MaLH],[MaPH],[MaTG],[ThoiGian],[TrangThai]) VALUES ('TH0098','LH017','MP022','TG011','2023-05-02 18:00:00','full slots')
INSERT INTO [dbo].[TietHoc] ([MaTH],[MaLH],[MaPH],[MaTG],[ThoiGian],[TrangThai]) VALUES ('TH0099','LH017','MP022','TG010','2023-05-04 18:00:00','full slots')
INSERT INTO [dbo].[TietHoc] ([MaTH],[MaLH],[MaPH],[MaTG],[ThoiGian],[TrangThai]) VALUES ('TH0100','LH017','MP022','TG011','2023-05-06 18:00:00','full slots')
INSERT INTO [dbo].[TietHoc] ([MaTH],[MaLH],[MaPH],[MaTG],[ThoiGian],[TrangThai]) VALUES ('TH0101','LH018','MP023','TG010','2023-05-08 18:00:00','full slots')
INSERT INTO [dbo].[TietHoc] ([MaTH],[MaLH],[MaPH],[MaTG],[ThoiGian],[TrangThai]) VALUES ('TH0102','LH018','MP023','TG011','2023-05-10 18:00:00','full slots')
INSERT INTO [dbo].[TietHoc] ([MaTH],[MaLH],[MaPH],[MaTG],[ThoiGian],[TrangThai]) VALUES ('TH0103','LH018','MP023','TG010','2023-05-12 18:00:00','full slots')
INSERT INTO [dbo].[TietHoc] ([MaTH],[MaLH],[MaPH],[MaTG],[ThoiGian],[TrangThai]) VALUES ('TH0104','LH018','MP023','TG011','2023-05-14 18:00:00','full slots')
INSERT INTO [dbo].[TietHoc] ([MaTH],[MaLH],[MaPH],[MaTG],[ThoiGian],[TrangThai]) VALUES ('TH0105','LH019','MP019','TG010','2023-05-16 18:00:00','full slots')
INSERT INTO [dbo].[TietHoc] ([MaTH],[MaLH],[MaPH],[MaTG],[ThoiGian],[TrangThai]) VALUES ('TH0106','LH019','MP019','TG011','2023-05-18 18:00:00','full slots')
INSERT INTO [dbo].[TietHoc] ([MaTH],[MaLH],[MaPH],[MaTG],[ThoiGian],[TrangThai]) VALUES ('TH0107','LH019','MP019','TG010','2023-05-20 18:00:00','full slots')
INSERT INTO [dbo].[TietHoc] ([MaTH],[MaLH],[MaPH],[MaTG],[ThoiGian],[TrangThai]) VALUES ('TH0108','LH019','MP021','TG011','2023-05-22 18:00:00','full slots')
INSERT INTO [dbo].[TietHoc] ([MaTH],[MaLH],[MaPH],[MaTG],[ThoiGian],[TrangThai]) VALUES ('TH0109','LH020','MP020','TG010','2023-05-24 18:00:00','full slots')
INSERT INTO [dbo].[TietHoc] ([MaTH],[MaLH],[MaPH],[MaTG],[ThoiGian],[TrangThai]) VALUES ('TH0110','LH020','MP020','TG011','2023-05-26 18:00:00','full slots')
INSERT INTO [dbo].[TietHoc] ([MaTH],[MaLH],[MaPH],[MaTG],[ThoiGian],[TrangThai]) VALUES ('TH0111','LH020','MP020','TG010','2023-05-28 18:00:00','full slots')
INSERT INTO [dbo].[TietHoc] ([MaTH],[MaLH],[MaPH],[MaTG],[ThoiGian],[TrangThai]) VALUES ('TH0112','LH020','MP020','TG011','2023-05-30 18:00:00','full slots')
INSERT INTO [dbo].[TietHoc] ([MaTH],[MaLH],[MaPH],[MaTG],[ThoiGian],[TrangThai]) VALUES ('TH0113','LH021','MP028','TG013','2023-06-02 18:00:00','full slots')
INSERT INTO [dbo].[TietHoc] ([MaTH],[MaLH],[MaPH],[MaTG],[ThoiGian],[TrangThai]) VALUES ('TH0114','LH021','MP028','TG014','2023-06-04 18:00:00','full slots')
INSERT INTO [dbo].[TietHoc] ([MaTH],[MaLH],[MaPH],[MaTG],[ThoiGian],[TrangThai]) VALUES ('TH0115','LH021','MP028','TG013','2023-06-06 18:00:00','full slots')
INSERT INTO [dbo].[TietHoc] ([MaTH],[MaLH],[MaPH],[MaTG],[ThoiGian],[TrangThai]) VALUES ('TH0116','LH022','MP025','TG014','2023-06-08 18:00:00','full slots')
INSERT INTO [dbo].[TietHoc] ([MaTH],[MaLH],[MaPH],[MaTG],[ThoiGian],[TrangThai]) VALUES ('TH0117','LH022','MP025','TG013','2023-06-10 18:00:00','full slots')
INSERT INTO [dbo].[TietHoc] ([MaTH],[MaLH],[MaPH],[MaTG],[ThoiGian],[TrangThai]) VALUES ('TH0118','LH022','MP027','TG014','2023-06-12 18:00:00','full slots')
INSERT INTO [dbo].[TietHoc] ([MaTH],[MaLH],[MaPH],[MaTG],[ThoiGian],[TrangThai]) VALUES ('TH0119','LH023','MP029','TG013','2023-06-14 18:00:00','full slots')
INSERT INTO [dbo].[TietHoc] ([MaTH],[MaLH],[MaPH],[MaTG],[ThoiGian],[TrangThai]) VALUES ('TH0120','LH023','MP029','TG014','2023-06-16 18:00:00','full slots')
INSERT INTO [dbo].[TietHoc] ([MaTH],[MaLH],[MaPH],[MaTG],[ThoiGian],[TrangThai]) VALUES ('TH0121','LH023','MP029','TG013','2023-06-18 18:00:00','full slots')
INSERT INTO [dbo].[TietHoc] ([MaTH],[MaLH],[MaPH],[MaTG],[ThoiGian],[TrangThai]) VALUES ('TH0122','LH024','MP026','TG014','2023-06-20 18:00:00','full slots')
INSERT INTO [dbo].[TietHoc] ([MaTH],[MaLH],[MaPH],[MaTG],[ThoiGian],[TrangThai]) VALUES ('TH0123','LH024','MP026','TG013','2023-06-22 18:00:00','full slots')
INSERT INTO [dbo].[TietHoc] ([MaTH],[MaLH],[MaPH],[MaTG],[ThoiGian],[TrangThai]) VALUES ('TH0124','LH024','MP026','TG014','2023-06-24 18:00:00','full slots')
INSERT INTO [dbo].[TietHoc] ([MaTH],[MaLH],[MaPH],[MaTG],[ThoiGian],[TrangThai]) VALUES ('TH0125','LH025','MP034','TG016','2023-06-26 18:00:00','full slots')
INSERT INTO [dbo].[TietHoc] ([MaTH],[MaLH],[MaPH],[MaTG],[ThoiGian],[TrangThai]) VALUES ('TH0126','LH025','MP034','TG017','2023-06-28 18:00:00','full slots')
INSERT INTO [dbo].[TietHoc] ([MaTH],[MaLH],[MaPH],[MaTG],[ThoiGian],[TrangThai]) VALUES ('TH0127','LH025','MP034','TG016','2023-06-30 18:00:00','full slots')
INSERT INTO [dbo].[TietHoc] ([MaTH],[MaLH],[MaPH],[MaTG],[ThoiGian],[TrangThai]) VALUES ('TH0128','LH026','MP035','TG017','2023-07-02 18:00:00','full slots')
INSERT INTO [dbo].[TietHoc] ([MaTH],[MaLH],[MaPH],[MaTG],[ThoiGian],[TrangThai]) VALUES ('TH0129','LH026','MP035','TG016','2023-07-04 18:00:00','full slots')
INSERT INTO [dbo].[TietHoc] ([MaTH],[MaLH],[MaPH],[MaTG],[ThoiGian],[TrangThai]) VALUES ('TH0130','LH026','MP035','TG017','2023-07-06 20:00:00','full slots')
INSERT INTO [dbo].[TietHoc] ([MaTH],[MaLH],[MaPH],[MaTG],[ThoiGian],[TrangThai]) VALUES ('TH0131','LH027','MP032','TG016','2023-07-08 18:00:00','full slots')
INSERT INTO [dbo].[TietHoc] ([MaTH],[MaLH],[MaPH],[MaTG],[ThoiGian],[TrangThai]) VALUES ('TH0132','LH027','MP032','TG017','2023-07-10 18:00:00','full slots')
INSERT INTO [dbo].[TietHoc] ([MaTH],[MaLH],[MaPH],[MaTG],[ThoiGian],[TrangThai]) VALUES ('TH0133','LH027','MP032','TG016','2023-07-12 18:00:00','full slots')
INSERT INTO [dbo].[TietHoc] ([MaTH],[MaLH],[MaPH],[MaTG],[ThoiGian],[TrangThai]) VALUES ('TH0134','LH028','MP031','TG017','2023-07-14 18:00:00','full slots')
INSERT INTO [dbo].[TietHoc] ([MaTH],[MaLH],[MaPH],[MaTG],[ThoiGian],[TrangThai]) VALUES ('TH0135','LH028','MP031','TG016','2023-07-16 18:00:00','full slots')
INSERT INTO [dbo].[TietHoc] ([MaTH],[MaLH],[MaPH],[MaTG],[ThoiGian],[TrangThai]) VALUES ('TH0136','LH028','MP033','TG017','2023-07-18 18:00:00','full slots')
INSERT INTO [dbo].[TietHoc] ([MaTH],[MaLH],[MaPH],[MaTG],[ThoiGian],[TrangThai]) VALUES ('TH0137','LH029','MP001','TG001','2023-02-03 18:00:00','full slots')
INSERT INTO [dbo].[TietHoc] ([MaTH],[MaLH],[MaPH],[MaTG],[ThoiGian],[TrangThai]) VALUES ('TH0138','LH029','MP001','TG002','2023-02-05 18:00:00','full slots')
INSERT INTO [dbo].[TietHoc] ([MaTH],[MaLH],[MaPH],[MaTG],[ThoiGian],[TrangThai]) VALUES ('TH0139','LH029','MP001','TG001','2023-02-07 18:00:00','full slots')
INSERT INTO [dbo].[TietHoc] ([MaTH],[MaLH],[MaPH],[MaTG],[ThoiGian],[TrangThai]) VALUES ('TH0140','LH029','MP001','TG002','2023-02-09 18:00:00','full slots')
INSERT INTO [dbo].[TietHoc] ([MaTH],[MaLH],[MaPH],[MaTG],[ThoiGian],[TrangThai]) VALUES ('TH0141','LH029','MP001','TG001','2023-02-11 18:00:00','full slots')
INSERT INTO [dbo].[TietHoc] ([MaTH],[MaLH],[MaPH],[MaTG],[ThoiGian],[TrangThai]) VALUES ('TH0142','LH029','MP003','TG002','2023-02-13 18:00:00','full slots')
INSERT INTO [dbo].[TietHoc] ([MaTH],[MaLH],[MaPH],[MaTG],[ThoiGian],[TrangThai]) VALUES ('TH0143','LH030','MP005','TG001','2023-02-15 18:00:00','full slots')
INSERT INTO [dbo].[TietHoc] ([MaTH],[MaLH],[MaPH],[MaTG],[ThoiGian],[TrangThai]) VALUES ('TH0144','LH030','MP005','TG002','2023-02-17 18:00:00','full slots')
INSERT INTO [dbo].[TietHoc] ([MaTH],[MaLH],[MaPH],[MaTG],[ThoiGian],[TrangThai]) VALUES ('TH0145','LH030','MP005','TG001','2023-02-19 18:00:00','full slots')
INSERT INTO [dbo].[TietHoc] ([MaTH],[MaLH],[MaPH],[MaTG],[ThoiGian],[TrangThai]) VALUES ('TH0146','LH030','MP005','TG002','2023-02-21 18:00:00','full slots')
INSERT INTO [dbo].[TietHoc] ([MaTH],[MaLH],[MaPH],[MaTG],[ThoiGian],[TrangThai]) VALUES ('TH0147','LH030','MP005','TG001','2023-02-23 18:00:00','full slots')
INSERT INTO [dbo].[TietHoc] ([MaTH],[MaLH],[MaPH],[MaTG],[ThoiGian],[TrangThai]) VALUES ('TH0148','LH031','MP006','TG002','2023-02-25 18:00:00','full slots')
INSERT INTO [dbo].[TietHoc] ([MaTH],[MaLH],[MaPH],[MaTG],[ThoiGian],[TrangThai]) VALUES ('TH0149','LH031','MP006','TG001','2023-02-27 18:00:00','full slots')
INSERT INTO [dbo].[TietHoc] ([MaTH],[MaLH],[MaPH],[MaTG],[ThoiGian],[TrangThai]) VALUES ('TH0150','LH031','MP006','TG002','2023-02-29 18:00:00','full slots')
INSERT INTO [dbo].[TietHoc] ([MaTH],[MaLH],[MaPH],[MaTG],[ThoiGian],[TrangThai]) VALUES ('TH0151','LH031','MP006','TG001','2023-03-01 18:00:00','full slots')
INSERT INTO [dbo].[TietHoc] ([MaTH],[MaLH],[MaPH],[MaTG],[ThoiGian],[TrangThai]) VALUES ('TH0152','LH031','MP006','TG002','2023-03-03 18:00:00','full slots')
INSERT INTO [dbo].[TietHoc] ([MaTH],[MaLH],[MaPH],[MaTG],[ThoiGian],[TrangThai]) VALUES ('TH0153','LH032','MP002','TG001','2023-03-05 18:00:00','full slots')
INSERT INTO [dbo].[TietHoc] ([MaTH],[MaLH],[MaPH],[MaTG],[ThoiGian],[TrangThai]) VALUES ('TH0154','LH032','MP002','TG002','2023-03-07 18:00:00','full slots')
INSERT INTO [dbo].[TietHoc] ([MaTH],[MaLH],[MaPH],[MaTG],[ThoiGian],[TrangThai]) VALUES ('TH0155','LH032','MP002','TG001','2023-03-09 18:00:00','full slots')
INSERT INTO [dbo].[TietHoc] ([MaTH],[MaLH],[MaPH],[MaTG],[ThoiGian],[TrangThai]) VALUES ('TH0156','LH032','MP002','TG002','2023-03-11 18:00:00','full slots')
INSERT INTO [dbo].[TietHoc] ([MaTH],[MaLH],[MaPH],[MaTG],[ThoiGian],[TrangThai]) VALUES ('TH0157','LH032','MP002','TG001','2023-03-15 18:00:00','full slots')
INSERT INTO [dbo].[TietHoc] ([MaTH],[MaLH],[MaPH],[MaTG],[ThoiGian],[TrangThai]) VALUES ('TH0158','LH033','MP011','TG004','2023-03-19 18:00:00','full slots')
INSERT INTO [dbo].[TietHoc] ([MaTH],[MaLH],[MaPH],[MaTG],[ThoiGian],[TrangThai]) VALUES ('TH0159','LH033','MP011','TG005','2023-03-21 18:00:00','full slots')
INSERT INTO [dbo].[TietHoc] ([MaTH],[MaLH],[MaPH],[MaTG],[ThoiGian],[TrangThai]) VALUES ('TH0160','LH033','MP011','TG004','2023-03-23 18:00:00','full slots')
INSERT INTO [dbo].[TietHoc] ([MaTH],[MaLH],[MaPH],[MaTG],[ThoiGian],[TrangThai]) VALUES ('TH0161','LH033','MP011','TG005','2023-03-25 18:00:00','full slots')
INSERT INTO [dbo].[TietHoc] ([MaTH],[MaLH],[MaPH],[MaTG],[ThoiGian],[TrangThai]) VALUES ('TH0162','LH033','MP011','TG004','2023-03-27 18:00:00','full slots')
INSERT INTO [dbo].[TietHoc] ([MaTH],[MaLH],[MaPH],[MaTG],[ThoiGian],[TrangThai]) VALUES ('TH0163','LH034','MP008','TG005','2023-03-29 18:00:00','full slots')
INSERT INTO [dbo].[TietHoc] ([MaTH],[MaLH],[MaPH],[MaTG],[ThoiGian],[TrangThai]) VALUES ('TH0164','LH034','MP008','TG005','2023-04-03 18:00:00','full slots')
INSERT INTO [dbo].[TietHoc] ([MaTH],[MaLH],[MaPH],[MaTG],[ThoiGian],[TrangThai]) VALUES ('TH0165','LH034','MP008','TG004','2023-04-05 18:00:00','full slots')
INSERT INTO [dbo].[TietHoc] ([MaTH],[MaLH],[MaPH],[MaTG],[ThoiGian],[TrangThai]) VALUES ('TH0166','LH034','MP008','TG005','2023-04-07 18:00:00','full slots')
INSERT INTO [dbo].[TietHoc] ([MaTH],[MaLH],[MaPH],[MaTG],[ThoiGian],[TrangThai]) VALUES ('TH0167','LH034','MP008','TG004','2023-04-09 18:00:00','full slots')
INSERT INTO [dbo].[TietHoc] ([MaTH],[MaLH],[MaPH],[MaTG],[ThoiGian],[TrangThai]) VALUES ('TH0168','LH035','MP007','TG005','2023-04-17 18:00:00','full slots')
INSERT INTO [dbo].[TietHoc] ([MaTH],[MaLH],[MaPH],[MaTG],[ThoiGian],[TrangThai]) VALUES ('TH0169','LH035','MP007','TG004','2023-04-19 18:00:00','full slots')
INSERT INTO [dbo].[TietHoc] ([MaTH],[MaLH],[MaPH],[MaTG],[ThoiGian],[TrangThai]) VALUES ('TH0170','LH035','MP007','TG005','2023-04-21 18:00:00','full slots')
INSERT INTO [dbo].[TietHoc] ([MaTH],[MaLH],[MaPH],[MaTG],[ThoiGian],[TrangThai]) VALUES ('TH0171','LH035','MP007','TG004','2023-04-23 18:00:00','full slots')
INSERT INTO [dbo].[TietHoc] ([MaTH],[MaLH],[MaPH],[MaTG],[ThoiGian],[TrangThai]) VALUES ('TH0172','LH035','MP009','TG005','2023-04-25 18:00:00','full slots')
INSERT INTO [dbo].[TietHoc] ([MaTH],[MaLH],[MaPH],[MaTG],[ThoiGian],[TrangThai]) VALUES ('TH0173','LH036','MP010','TG005','2023-04-29 18:00:00','full slots')
INSERT INTO [dbo].[TietHoc] ([MaTH],[MaLH],[MaPH],[MaTG],[ThoiGian],[TrangThai]) VALUES ('TH0174','LH036','MP010','TG004','2023-05-01 18:00:00','full slots')
INSERT INTO [dbo].[TietHoc] ([MaTH],[MaLH],[MaPH],[MaTG],[ThoiGian],[TrangThai]) VALUES ('TH0175','LH036','MP010','TG005','2023-05-03 18:00:00','full slots')
INSERT INTO [dbo].[TietHoc] ([MaTH],[MaLH],[MaPH],[MaTG],[ThoiGian],[TrangThai]) VALUES ('TH0176','LH036','MP010','TG004','2023-05-05 18:00:00','full slots')
INSERT INTO [dbo].[TietHoc] ([MaTH],[MaLH],[MaPH],[MaTG],[ThoiGian],[TrangThai]) VALUES ('TH0177','LH036','MP010','TG005','2023-05-07 18:00:00','full slots')
INSERT INTO [dbo].[TietHoc] ([MaTH],[MaLH],[MaPH],[MaTG],[ThoiGian],[TrangThai]) VALUES ('TH0178','LH037','MP015','TG008','2023-08-02 20:00:00','full slots')
INSERT INTO [dbo].[TietHoc] ([MaTH],[MaLH],[MaPH],[MaTG],[ThoiGian],[TrangThai]) VALUES ('TH0179','LH037','MP015','TG009','2023-08-04 20:00:00','full slots')
INSERT INTO [dbo].[TietHoc] ([MaTH],[MaLH],[MaPH],[MaTG],[ThoiGian],[TrangThai]) VALUES ('TH0180','LH037','MP015','TG008','2023-08-06 20:00:00','full slots')
INSERT INTO [dbo].[TietHoc] ([MaTH],[MaLH],[MaPH],[MaTG],[ThoiGian],[TrangThai]) VALUES ('TH0181','LH037','MP015','TG009','2023-08-08 20:00:00','full slots')
INSERT INTO [dbo].[TietHoc] ([MaTH],[MaLH],[MaPH],[MaTG],[ThoiGian],[TrangThai]) VALUES ('TH0182','LH037','MP015','TG008','2023-08-10 20:00:00','full slots')
INSERT INTO [dbo].[TietHoc] ([MaTH],[MaLH],[MaPH],[MaTG],[ThoiGian],[TrangThai]) VALUES ('TH0183','LH038','MP013','TG009','2023-09-12 20:00:00','full slots')
INSERT INTO [dbo].[TietHoc] ([MaTH],[MaLH],[MaPH],[MaTG],[ThoiGian],[TrangThai]) VALUES ('TH0184','LH038','MP013','TG008','2023-09-14 20:00:00','full slots')
INSERT INTO [dbo].[TietHoc] ([MaTH],[MaLH],[MaPH],[MaTG],[ThoiGian],[TrangThai]) VALUES ('TH0185','LH038','MP013','TG009','2023-09-16 20:00:00','full slots')
INSERT INTO [dbo].[TietHoc] ([MaTH],[MaLH],[MaPH],[MaTG],[ThoiGian],[TrangThai]) VALUES ('TH0186','LH038','MP013','TG008','2023-09-18 20:00:00','full slots')
INSERT INTO [dbo].[TietHoc] ([MaTH],[MaLH],[MaPH],[MaTG],[ThoiGian],[TrangThai]) VALUES ('TH0187','LH038','MP013','TG009','2023-09-30 20:00:00','full slots')
INSERT INTO [dbo].[TietHoc] ([MaTH],[MaLH],[MaPH],[MaTG],[ThoiGian],[TrangThai]) VALUES ('TH0188','LH039','MP020','TG008','2023-10-02 18:00:00','full slots')
INSERT INTO [dbo].[TietHoc] ([MaTH],[MaLH],[MaPH],[MaTG],[ThoiGian],[TrangThai]) VALUES ('TH0189','LH039','MP020','TG009','2023-10-04 18:00:00','full slots')
INSERT INTO [dbo].[TietHoc] ([MaTH],[MaLH],[MaPH],[MaTG],[ThoiGian],[TrangThai]) VALUES ('TH0190','LH039','MP020','TG008','2023-10-06 20:00:00','full slots')
INSERT INTO [dbo].[TietHoc] ([MaTH],[MaLH],[MaPH],[MaTG],[ThoiGian],[TrangThai]) VALUES ('TH0191','LH039','MP020','TG009','2023-10-08 20:00:00','full slots')
INSERT INTO [dbo].[TietHoc] ([MaTH],[MaLH],[MaPH],[MaTG],[ThoiGian],[TrangThai]) VALUES ('TH0192','LH039','MP020','TG008','2023-10-10 20:00:00','full slots')
INSERT INTO [dbo].[TietHoc] ([MaTH],[MaLH],[MaPH],[MaTG],[ThoiGian],[TrangThai]) VALUES ('TH0193','LH040','MP024','TG009','2023-10-12 20:00:00','full slots')
INSERT INTO [dbo].[TietHoc] ([MaTH],[MaLH],[MaPH],[MaTG],[ThoiGian],[TrangThai]) VALUES ('TH0194','LH040','MP024','TG008','2023-10-14 20:00:00','full slots')
INSERT INTO [dbo].[TietHoc] ([MaTH],[MaLH],[MaPH],[MaTG],[ThoiGian],[TrangThai]) VALUES ('TH0195','LH040','MP024','TG009','2023-10-16 20:00:00','full slots')
INSERT INTO [dbo].[TietHoc] ([MaTH],[MaLH],[MaPH],[MaTG],[ThoiGian],[TrangThai]) VALUES ('TH0196','LH040','MP024','TG008','2023-10-18 20:00:00','full slots')
INSERT INTO [dbo].[TietHoc] ([MaTH],[MaLH],[MaPH],[MaTG],[ThoiGian],[TrangThai]) VALUES ('TH0197','LH040','MP024','TG009','2023-10-30 18:00:00','full slots')
INSERT INTO [dbo].[TietHoc] ([MaTH],[MaLH],[MaPH],[MaTG],[ThoiGian],[TrangThai]) VALUES ('TH0198','LH041','MP026','TG013','2023-11-02 18:00:00','full slots')
INSERT INTO [dbo].[TietHoc] ([MaTH],[MaLH],[MaPH],[MaTG],[ThoiGian],[TrangThai]) VALUES ('TH0199','LH041','MP026','TG004','2023-11-04 18:00:00','full slots')
INSERT INTO [dbo].[TietHoc] ([MaTH],[MaLH],[MaPH],[MaTG],[ThoiGian],[TrangThai]) VALUES ('TH0200','LH041','MP026','TG013','2023-11-06 20:00:00','full slots')
INSERT INTO [dbo].[TietHoc] ([MaTH],[MaLH],[MaPH],[MaTG],[ThoiGian],[TrangThai]) VALUES ('TH0201','LH041','MP026','TG014','2023-11-08 20:00:00','full slots')
INSERT INTO [dbo].[TietHoc] ([MaTH],[MaLH],[MaPH],[MaTG],[ThoiGian],[TrangThai]) VALUES ('TH0202','LH041','MP026','TG013','2023-11-10 20:00:00','full slots')
INSERT INTO [dbo].[TietHoc] ([MaTH],[MaLH],[MaPH],[MaTG],[ThoiGian],[TrangThai]) VALUES ('TH0203','LH041','MP026','TG014','2023-11-12 20:00:00','full slots')
INSERT INTO [dbo].[TietHoc] ([MaTH],[MaLH],[MaPH],[MaTG],[ThoiGian],[TrangThai]) VALUES ('TH0204','LH041','MP026','TG013','2023-11-14 20:00:00','full slots')
INSERT INTO [dbo].[TietHoc] ([MaTH],[MaLH],[MaPH],[MaTG],[ThoiGian],[TrangThai]) VALUES ('TH0205','LH041','MP026','TG014','2023-11-16 20:00:00','full slots')
INSERT INTO [dbo].[TietHoc] ([MaTH],[MaLH],[MaPH],[MaTG],[ThoiGian],[TrangThai]) VALUES ('TH0206','LH041','MP026','TG013','2023-11-18 20:00:00','full slots')
INSERT INTO [dbo].[TietHoc] ([MaTH],[MaLH],[MaPH],[MaTG],[ThoiGian],[TrangThai]) VALUES ('TH0207','LH041','MP026','TG014','2023-11-30 18:00:00','full slots')
INSERT INTO [dbo].[TietHoc] ([MaTH],[MaLH],[MaPH],[MaTG],[ThoiGian],[TrangThai]) VALUES ('TH0208','LH042','MP030','TG013','2023-12-02 18:00:00','full slots')
INSERT INTO [dbo].[TietHoc] ([MaTH],[MaLH],[MaPH],[MaTG],[ThoiGian],[TrangThai]) VALUES ('TH0209','LH042','MP030','TG014','2023-12-04 18:00:00','full slots')
INSERT INTO [dbo].[TietHoc] ([MaTH],[MaLH],[MaPH],[MaTG],[ThoiGian],[TrangThai]) VALUES ('TH0210','LH042','MP030','TG013','2023-12-06 20:00:00','full slots')
INSERT INTO [dbo].[TietHoc] ([MaTH],[MaLH],[MaPH],[MaTG],[ThoiGian],[TrangThai]) VALUES ('TH0211','LH042','MP030','TG014','2023-12-08 20:00:00','full slots')
INSERT INTO [dbo].[TietHoc] ([MaTH],[MaLH],[MaPH],[MaTG],[ThoiGian],[TrangThai]) VALUES ('TH0212','LH042','MP030','TG013','2023-12-10 20:00:00','full slots')
INSERT INTO [dbo].[TietHoc] ([MaTH],[MaLH],[MaPH],[MaTG],[ThoiGian],[TrangThai]) VALUES ('TH0213','LH042','MP030','TG014','2023-12-12 20:00:00','full slots')
INSERT INTO [dbo].[TietHoc] ([MaTH],[MaLH],[MaPH],[MaTG],[ThoiGian],[TrangThai]) VALUES ('TH0214','LH042','MP030','TG013','2023-12-14 20:00:00','full slots')
INSERT INTO [dbo].[TietHoc] ([MaTH],[MaLH],[MaPH],[MaTG],[ThoiGian],[TrangThai]) VALUES ('TH0215','LH042','MP030','TG014','2023-12-16 20:00:00','full slots')
INSERT INTO [dbo].[TietHoc] ([MaTH],[MaLH],[MaPH],[MaTG],[ThoiGian],[TrangThai]) VALUES ('TH0216','LH042','MP030','TG013','2023-12-18 20:00:00','full slots')
INSERT INTO [dbo].[TietHoc] ([MaTH],[MaLH],[MaPH],[MaTG],[ThoiGian],[TrangThai]) VALUES ('TH0217','LH042','MP030','TG014','2023-12-30 18:00:00','full slots')


GO
INSERT INTO [dbo].[HopDong] ([MaHD],[MaHV],[MaNV],[HinhThucThanhToan],[ThoiGian]) VALUES ('HD001','HV001','NV002',N'Chuyển khoản','2023-01-19 9:00:00')
INSERT INTO [dbo].[HopDong] ([MaHD],[MaHV],[MaNV],[HinhThucThanhToan],[ThoiGian]) VALUES ('HD002','HV002','NV002',N'Chuyển khoản','2023-01-23 9:00:00')
INSERT INTO [dbo].[HopDong] ([MaHD],[MaHV],[MaNV],[HinhThucThanhToan],[ThoiGian]) VALUES ('HD003','HV003','NV001',N'Chuyển khoản','2023-01-23 15:30:00')
INSERT INTO [dbo].[HopDong] ([MaHD],[MaHV],[MaNV],[HinhThucThanhToan],[ThoiGian]) VALUES ('HD004','HV004','NV003',N'Chuyển khoản','2023-01-26 16:00:00')
INSERT INTO [dbo].[HopDong] ([MaHD],[MaHV],[MaNV],[HinhThucThanhToan],[ThoiGian]) VALUES ('HD005','HV005','NV006',N'Tiền mặt','2023-01-27 8:30:00')
INSERT INTO [dbo].[HopDong] ([MaHD],[MaHV],[MaNV],[HinhThucThanhToan],[ThoiGian]) VALUES ('HD006','HV006','NV005',N'Tiền mặt','2023-01-27 15:00:00')
INSERT INTO [dbo].[HopDong] ([MaHD],[MaHV],[MaNV],[HinhThucThanhToan],[ThoiGian]) VALUES ('HD007','HV007','NV005',N'Chuyển khoản','2023-01-29 9:30:00')
INSERT INTO [dbo].[HopDong] ([MaHD],[MaHV],[MaNV],[HinhThucThanhToan],[ThoiGian]) VALUES ('HD008','HV008','NV004',N'Chuyển khoản','2023-01-29 14:30:00')
INSERT INTO [dbo].[HopDong] ([MaHD],[MaHV],[MaNV],[HinhThucThanhToan],[ThoiGian]) VALUES ('HD009','HV009','NV005',N'Chuyển khoản','2023-01-29 16:00:00')
INSERT INTO [dbo].[HopDong] ([MaHD],[MaHV],[MaNV],[HinhThucThanhToan],[ThoiGian]) VALUES ('HD010','HV010','NV001',N'Chuyển khoản','2023-01-05 9:00:00')
INSERT INTO [dbo].[HopDong] ([MaHD],[MaHV],[MaNV],[HinhThucThanhToan],[ThoiGian]) VALUES ('HD011','HV011','NV006',N'Chuyển khoản','2023-02-03 9:00:00')
INSERT INTO [dbo].[HopDong] ([MaHD],[MaHV],[MaNV],[HinhThucThanhToan],[ThoiGian]) VALUES ('HD012','HV012','NV003',N'Chuyển khoản','2023-02-07 15:30:00')
INSERT INTO [dbo].[HopDong] ([MaHD],[MaHV],[MaNV],[HinhThucThanhToan],[ThoiGian]) VALUES ('HD013','HV013','NV002',N'Chuyển khoản','2023-02-10 16:00:00')
INSERT INTO [dbo].[HopDong] ([MaHD],[MaHV],[MaNV],[HinhThucThanhToan],[ThoiGian]) VALUES ('HD014','HV014','NV003',N'Tiền mặt','2023-02-14 8:30:00')
INSERT INTO [dbo].[HopDong] ([MaHD],[MaHV],[MaNV],[HinhThucThanhToan],[ThoiGian]) VALUES ('HD015','HV015','NV004',N'Tiền mặt','2023-02-15 15:00:00')
INSERT INTO [dbo].[HopDong] ([MaHD],[MaHV],[MaNV],[HinhThucThanhToan],[ThoiGian]) VALUES ('HD016','HV016','NV006',N'Tiền mặt','2023-02-17 9:30:00')
INSERT INTO [dbo].[HopDong] ([MaHD],[MaHV],[MaNV],[HinhThucThanhToan],[ThoiGian]) VALUES ('HD017','HV017','NV006',N'Tiền mặt','2023-02-19 14:30:00')
INSERT INTO [dbo].[HopDong] ([MaHD],[MaHV],[MaNV],[HinhThucThanhToan],[ThoiGian]) VALUES ('HD018','HV018','NV007',N'Chuyển khoản','2023-02-25 16:00:00')
INSERT INTO [dbo].[HopDong] ([MaHD],[MaHV],[MaNV],[HinhThucThanhToan],[ThoiGian]) VALUES ('HD019','HV019','NV004',N'Chuyển khoản','2023-02-28 9:00:00')
INSERT INTO [dbo].[HopDong] ([MaHD],[MaHV],[MaNV],[HinhThucThanhToan],[ThoiGian]) VALUES ('HD020','HV020','NV003',N'Chuyển khoản','2023-02-29 9:00:00')
INSERT INTO [dbo].[HopDong] ([MaHD],[MaHV],[MaNV],[HinhThucThanhToan],[ThoiGian]) VALUES ('HD021','HV021','NV002',N'Tiền mặt','2023-03-01 14:30:00')
INSERT INTO [dbo].[HopDong] ([MaHD],[MaHV],[MaNV],[HinhThucThanhToan],[ThoiGian]) VALUES ('HD022','HV022','NV004',N'Chuyển khoản','2023-03-03 16:00:00')
INSERT INTO [dbo].[HopDong] ([MaHD],[MaHV],[MaNV],[HinhThucThanhToan],[ThoiGian]) VALUES ('HD023','HV023','NV004',N'Chuyển khoản','2023-03-05 9:00:00')
INSERT INTO [dbo].[HopDong] ([MaHD],[MaHV],[MaNV],[HinhThucThanhToan],[ThoiGian]) VALUES ('HD024','HV024','NV001',N'Tiền mặt','2023-03-07 9:00:00')
INSERT INTO [dbo].[HopDong] ([MaHD],[MaHV],[MaNV],[HinhThucThanhToan],[ThoiGian]) VALUES ('HD025','HV025','NV006',N'Tiền mặt','2023-03-10 15:30:00')
INSERT INTO [dbo].[HopDong] ([MaHD],[MaHV],[MaNV],[HinhThucThanhToan],[ThoiGian]) VALUES ('HD026','HV026','NV005',N'Tiền mặt','2023-03-13 16:00:00')
INSERT INTO [dbo].[HopDong] ([MaHD],[MaHV],[MaNV],[HinhThucThanhToan],[ThoiGian]) VALUES ('HD027','HV027','NV004',N'Tiền mặt','2023-03-15 8:30:00')
INSERT INTO [dbo].[HopDong] ([MaHD],[MaHV],[MaNV],[HinhThucThanhToan],[ThoiGian]) VALUES ('HD028','HV028','NV004',N'Chuyển khoản','2023-03-19 15:00:00')
INSERT INTO [dbo].[HopDong] ([MaHD],[MaHV],[MaNV],[HinhThucThanhToan],[ThoiGian]) VALUES ('HD029','HV029','NV002',N'Chuyển khoản','2023-03-25 9:30:00')
INSERT INTO [dbo].[HopDong] ([MaHD],[MaHV],[MaNV],[HinhThucThanhToan],[ThoiGian]) VALUES ('HD030','HV030','NV003',N'Chuyển khoản','2023-03-29 14:30:00')
INSERT INTO [dbo].[HopDong] ([MaHD],[MaHV],[MaNV],[HinhThucThanhToan],[ThoiGian]) VALUES ('HD031','HV031','NV006',N'Tiền mặt','2023-04-02 16:00:00')
INSERT INTO [dbo].[HopDong] ([MaHD],[MaHV],[MaNV],[HinhThucThanhToan],[ThoiGian]) VALUES ('HD032','HV032','NV005',N'Chuyển khoản','2023-04-05 9:00:00')
INSERT INTO [dbo].[HopDong] ([MaHD],[MaHV],[MaNV],[HinhThucThanhToan],[ThoiGian]) VALUES ('HD033','HV033','NV004',N'Chuyển khoản','2023-04-09 9:00:00')
INSERT INTO [dbo].[HopDong] ([MaHD],[MaHV],[MaNV],[HinhThucThanhToan],[ThoiGian]) VALUES ('HD034','HV034','NV003',N'Tiền mặt','2023-04-11 14:30:00')
INSERT INTO [dbo].[HopDong] ([MaHD],[MaHV],[MaNV],[HinhThucThanhToan],[ThoiGian]) VALUES ('HD035','HV035','NV002',N'Tiền mặt','2023-04-13 16:00:00')
INSERT INTO [dbo].[HopDong] ([MaHD],[MaHV],[MaNV],[HinhThucThanhToan],[ThoiGian]) VALUES ('HD036','HV036','NV002',N'Tiền mặt','2023-04-15 9:00:00')
INSERT INTO [dbo].[HopDong] ([MaHD],[MaHV],[MaNV],[HinhThucThanhToan],[ThoiGian]) VALUES ('HD037','HV037','NV001',N'Chuyển khoản','2023-04-19 15:30:00')
INSERT INTO [dbo].[HopDong] ([MaHD],[MaHV],[MaNV],[HinhThucThanhToan],[ThoiGian]) VALUES ('HD038','HV038','NV003',N'Chuyển khoản','2023-04-21 16:00:00')
INSERT INTO [dbo].[HopDong] ([MaHD],[MaHV],[MaNV],[HinhThucThanhToan],[ThoiGian]) VALUES ('HD039','HV039','NV006',N'Chuyển khoản','2023-04-25 8:30:00')
INSERT INTO [dbo].[HopDong] ([MaHD],[MaHV],[MaNV],[HinhThucThanhToan],[ThoiGian]) VALUES ('HD040','HV040','NV005',N'Chuyển khoản','2023-04-26 15:00:00')
INSERT INTO [dbo].[HopDong] ([MaHD],[MaHV],[MaNV],[HinhThucThanhToan],[ThoiGian]) VALUES ('HD041','HV041','NV005',N'Tiền mặt','2023-04-29 9:30:00')
INSERT INTO [dbo].[HopDong] ([MaHD],[MaHV],[MaNV],[HinhThucThanhToan],[ThoiGian]) VALUES ('HD042','HV042','NV004',N'Tiền mặt','2023-05-03 14:30:00')
INSERT INTO [dbo].[HopDong] ([MaHD],[MaHV],[MaNV],[HinhThucThanhToan],[ThoiGian]) VALUES ('HD043','HV043','NV005',N'Tiền mặt','2023-05-09 16:00:00')
INSERT INTO [dbo].[HopDong] ([MaHD],[MaHV],[MaNV],[HinhThucThanhToan],[ThoiGian]) VALUES ('HD044','HV044','NV001',N'Tiền mặt','2023-05-12 9:00:00')
INSERT INTO [dbo].[HopDong] ([MaHD],[MaHV],[MaNV],[HinhThucThanhToan],[ThoiGian]) VALUES ('HD045','HV045','NV006',N'Chuyển khoản','2023-05-16 9:00:00')
INSERT INTO [dbo].[HopDong] ([MaHD],[MaHV],[MaNV],[HinhThucThanhToan],[ThoiGian]) VALUES ('HD046','HV046','NV003',N'Tiền mặt','2023-05-20 15:30:00')
INSERT INTO [dbo].[HopDong] ([MaHD],[MaHV],[MaNV],[HinhThucThanhToan],[ThoiGian]) VALUES ('HD047','HV047','NV002',N'Tiền mặt','2023-05-22 16:00:00')
INSERT INTO [dbo].[HopDong] ([MaHD],[MaHV],[MaNV],[HinhThucThanhToan],[ThoiGian]) VALUES ('HD048','HV048','NV003',N'Chuyển khoản','2023-05-26 8:30:00')
INSERT INTO [dbo].[HopDong] ([MaHD],[MaHV],[MaNV],[HinhThucThanhToan],[ThoiGian]) VALUES ('HD049','HV049','NV004',N'Chuyển khoản','2023-05-29 15:00:00')
INSERT INTO [dbo].[HopDong] ([MaHD],[MaHV],[MaNV],[HinhThucThanhToan],[ThoiGian]) VALUES ('HD050','HV050','NV006',N'Chuyển khoản','2023-05-30 9:30:00')
INSERT INTO [dbo].[HopDong] ([MaHD],[MaHV],[MaNV],[HinhThucThanhToan],[ThoiGian]) VALUES ('HD051','HV051','NV006',N'Chuyển khoản','2023-06-02 14:30:00')
INSERT INTO [dbo].[HopDong] ([MaHD],[MaHV],[MaNV],[HinhThucThanhToan],[ThoiGian]) VALUES ('HD052','HV052','NV007',N'Tiền mặt','2023-06-05 16:00:00')
INSERT INTO [dbo].[HopDong] ([MaHD],[MaHV],[MaNV],[HinhThucThanhToan],[ThoiGian]) VALUES ('HD053','HV053','NV004',N'Chuyển khoản','2023-06-06 9:00:00')
INSERT INTO [dbo].[HopDong] ([MaHD],[MaHV],[MaNV],[HinhThucThanhToan],[ThoiGian]) VALUES ('HD054','HV054','NV003',N'Tiền mặt','2023-06-09 9:00:00')
INSERT INTO [dbo].[HopDong] ([MaHD],[MaHV],[MaNV],[HinhThucThanhToan],[ThoiGian]) VALUES ('HD055','HV055','NV002',N'Chuyển khoản','2023-06-13 14:30:00')
INSERT INTO [dbo].[HopDong] ([MaHD],[MaHV],[MaNV],[HinhThucThanhToan],[ThoiGian]) VALUES ('HD056','HV056','NV004',N'Tiền mặt','2023-06-17 16:00:00')
INSERT INTO [dbo].[HopDong] ([MaHD],[MaHV],[MaNV],[HinhThucThanhToan],[ThoiGian]) VALUES ('HD057','HV057','NV002',N'Tiền mặt','2023-06-21 9:00:00')
INSERT INTO [dbo].[HopDong] ([MaHD],[MaHV],[MaNV],[HinhThucThanhToan],[ThoiGian]) VALUES ('HD058','HV058','NV001',N'Tiền mặt','2023-06-25 9:00:00')
INSERT INTO [dbo].[HopDong] ([MaHD],[MaHV],[MaNV],[HinhThucThanhToan],[ThoiGian]) VALUES ('HD059','HV059','NV006',N'Chuyển khoản','2023-06-27 15:30:00')
INSERT INTO [dbo].[HopDong] ([MaHD],[MaHV],[MaNV],[HinhThucThanhToan],[ThoiGian]) VALUES ('HD060','HV060','NV005',N'Chuyển khoản','2023-06-30 16:00:00')
INSERT INTO [dbo].[HopDong] ([MaHD],[MaHV],[MaNV],[HinhThucThanhToan],[ThoiGian]) VALUES ('HD061','HV061','NV002',N'Chuyển khoản','2023-07-03 8:30:00')
INSERT INTO [dbo].[HopDong] ([MaHD],[MaHV],[MaNV],[HinhThucThanhToan],[ThoiGian]) VALUES ('HD062','HV062','NV001',N'Chuyển khoản','2023-07-05 15:00:00')
INSERT INTO [dbo].[HopDong] ([MaHD],[MaHV],[MaNV],[HinhThucThanhToan],[ThoiGian]) VALUES ('HD063','HV063','NV002',N'Tiền mặt','2023-07-10 16:00:00')
INSERT INTO [dbo].[HopDong] ([MaHD],[MaHV],[MaNV],[HinhThucThanhToan],[ThoiGian]) VALUES ('HD064','HV064','NV003',N'Tiền mặt','2023-07-15 9:00:00')
INSERT INTO [dbo].[HopDong] ([MaHD],[MaHV],[MaNV],[HinhThucThanhToan],[ThoiGian]) VALUES ('HD065','HV065','NV002',N'Tiền mặt','2023-07-17 9:00:00')
INSERT INTO [dbo].[HopDong] ([MaHD],[MaHV],[MaNV],[HinhThucThanhToan],[ThoiGian]) VALUES ('HD066','HV066','NV006',N'Chuyển khoản','2023-07-20 15:30:00')
INSERT INTO [dbo].[HopDong] ([MaHD],[MaHV],[MaNV],[HinhThucThanhToan],[ThoiGian]) VALUES ('HD067','HV067','NV005',N'Chuyển khoản','2023-07-24 16:00:00')
INSERT INTO [dbo].[HopDong] ([MaHD],[MaHV],[MaNV],[HinhThucThanhToan],[ThoiGian]) VALUES ('HD068','HV068','NV004',N'Chuyển khoản','2023-07-27 8:30:00')
INSERT INTO [dbo].[HopDong] ([MaHD],[MaHV],[MaNV],[HinhThucThanhToan],[ThoiGian]) VALUES ('HD069','HV069','NV003',N'Chuyển khoản','2023-07-29 15:00:00')
INSERT INTO [dbo].[HopDong] ([MaHD],[MaHV],[MaNV],[HinhThucThanhToan],[ThoiGian]) VALUES ('HD070','HV070','NV002',N'Tiền mặt','2023-08-01 9:30:00')
INSERT INTO [dbo].[HopDong] ([MaHD],[MaHV],[MaNV],[HinhThucThanhToan],[ThoiGian]) VALUES ('HD071','HV071','NV003',N'Tiền mặt','2023-08-05 14:30:00')
INSERT INTO [dbo].[HopDong] ([MaHD],[MaHV],[MaNV],[HinhThucThanhToan],[ThoiGian]) VALUES ('HD072','HV072','NV004',N'Tiền mặt','2023-08-07 16:00:00')
INSERT INTO [dbo].[HopDong] ([MaHD],[MaHV],[MaNV],[HinhThucThanhToan],[ThoiGian]) VALUES ('HD073','HV073','NV006',N'Chuyển khoản','2023-08-10 15:00:00')
INSERT INTO [dbo].[HopDong] ([MaHD],[MaHV],[MaNV],[HinhThucThanhToan],[ThoiGian]) VALUES ('HD074','HV074','NV006',N'Chuyển khoản','2023-08-14 9:30:00')
INSERT INTO [dbo].[HopDong] ([MaHD],[MaHV],[MaNV],[HinhThucThanhToan],[ThoiGian]) VALUES ('HD075','HV075','NV007',N'Chuyển khoản','2023-08-17 14:30:00')
INSERT INTO [dbo].[HopDong] ([MaHD],[MaHV],[MaNV],[HinhThucThanhToan],[ThoiGian]) VALUES ('HD076','HV076','NV004',N'Chuyển khoản','2023-08-21 16:00:00')
INSERT INTO [dbo].[HopDong] ([MaHD],[MaHV],[MaNV],[HinhThucThanhToan],[ThoiGian]) VALUES ('HD077','HV077','NV003',N'Chuyển khoản','2023-08-25 9:00:00')
INSERT INTO [dbo].[HopDong] ([MaHD],[MaHV],[MaNV],[HinhThucThanhToan],[ThoiGian]) VALUES ('HD078','HV078','NV002',N'Tiền mặt','2023-08-27 15:30:00')
INSERT INTO [dbo].[HopDong] ([MaHD],[MaHV],[MaNV],[HinhThucThanhToan],[ThoiGian]) VALUES ('HD079','HV079','NV004',N'Tiền mặt','2023-08-30 16:00:00')
INSERT INTO [dbo].[HopDong] ([MaHD],[MaHV],[MaNV],[HinhThucThanhToan],[ThoiGian]) VALUES ('HD080','HV080','NV004',N'Tiền mặt','2023-09-02 8:30:00')
INSERT INTO [dbo].[HopDong] ([MaHD],[MaHV],[MaNV],[HinhThucThanhToan],[ThoiGian]) VALUES ('HD081','HV081','NV001',N'Tiền mặt','2023-09-05 15:00:00')
INSERT INTO [dbo].[HopDong] ([MaHD],[MaHV],[MaNV],[HinhThucThanhToan],[ThoiGian]) VALUES ('HD082','HV082','NV006',N'Tiền mặt','2023-09-09 9:30:00')
INSERT INTO [dbo].[HopDong] ([MaHD],[MaHV],[MaNV],[HinhThucThanhToan],[ThoiGian]) VALUES ('HD083','HV083','NV005',N'Tiền mặt','2023-09-14 14:30:00')
INSERT INTO [dbo].[HopDong] ([MaHD],[MaHV],[MaNV],[HinhThucThanhToan],[ThoiGian]) VALUES ('HD084','HV084','NV004',N'Chuyển khoản','2023-09-17 16:00:00')
INSERT INTO [dbo].[HopDong] ([MaHD],[MaHV],[MaNV],[HinhThucThanhToan],[ThoiGian]) VALUES ('HD085','HV085','NV004',N'Chuyển khoản','2023-09-20 9:00:00')
INSERT INTO [dbo].[HopDong] ([MaHD],[MaHV],[MaNV],[HinhThucThanhToan],[ThoiGian]) VALUES ('HD086','HV086','NV002',N'Chuyển khoản','2023-09-24 15:00:00')
INSERT INTO [dbo].[HopDong] ([MaHD],[MaHV],[MaNV],[HinhThucThanhToan],[ThoiGian]) VALUES ('HD087','HV087','NV006',N'Chuyển khoản','2023-09-27 9:30:00')
INSERT INTO [dbo].[HopDong] ([MaHD],[MaHV],[MaNV],[HinhThucThanhToan],[ThoiGian]) VALUES ('HD088','HV088','NV005',N'Tiền mặt','2023-09-30 14:30:00')
INSERT INTO [dbo].[HopDong] ([MaHD],[MaHV],[MaNV],[HinhThucThanhToan],[ThoiGian]) VALUES ('HD089','HV089','NV004',N'Tiền mặt','2023-10-01 16:00:00')
INSERT INTO [dbo].[HopDong] ([MaHD],[MaHV],[MaNV],[HinhThucThanhToan],[ThoiGian]) VALUES ('HD090','HV090','NV003',N'Chuyển khoản','2023-10-04 9:00:00')
INSERT INTO [dbo].[HopDong] ([MaHD],[MaHV],[MaNV],[HinhThucThanhToan],[ThoiGian]) VALUES ('HD091','HV091','NV002',N'Chuyển khoản','2023-10-09 9:00:00')
INSERT INTO [dbo].[HopDong] ([MaHD],[MaHV],[MaNV],[HinhThucThanhToan],[ThoiGian]) VALUES ('HD092','HV092','NV002',N'Chuyển khoản','2023-10-14 15:30:00')
INSERT INTO [dbo].[HopDong] ([MaHD],[MaHV],[MaNV],[HinhThucThanhToan],[ThoiGian]) VALUES ('HD093','HV093','NV001',N'Tiền mặt','2023-10-19 16:00:00')
INSERT INTO [dbo].[HopDong] ([MaHD],[MaHV],[MaNV],[HinhThucThanhToan],[ThoiGian]) VALUES ('HD094','HV094','NV003',N'Tiền mặt','2023-10-21 8:30:00')
INSERT INTO [dbo].[HopDong] ([MaHD],[MaHV],[MaNV],[HinhThucThanhToan],[ThoiGian]) VALUES ('HD095','HV095','NV006',N'Tiền mặt','2023-10-25 15:00:00')
INSERT INTO [dbo].[HopDong] ([MaHD],[MaHV],[MaNV],[HinhThucThanhToan],[ThoiGian]) VALUES ('HD096','HV096','NV005',N'Tiền mặt','2023-10-29 9:30:00')
INSERT INTO [dbo].[HopDong] ([MaHD],[MaHV],[MaNV],[HinhThucThanhToan],[ThoiGian]) VALUES ('HD097','HV097','NV005',N'Chuyển khoản','2023-10-30 14:30:00')
INSERT INTO [dbo].[HopDong] ([MaHD],[MaHV],[MaNV],[HinhThucThanhToan],[ThoiGian]) VALUES ('HD098','HV098','NV004',N'Tiền mặt','2023-11-02 16:00:00')
INSERT INTO [dbo].[HopDong] ([MaHD],[MaHV],[MaNV],[HinhThucThanhToan],[ThoiGian]) VALUES ('HD099','HV099','NV005',N'Chuyển khoản','2023-11-05 15:00:00')
INSERT INTO [dbo].[HopDong] ([MaHD],[MaHV],[MaNV],[HinhThucThanhToan],[ThoiGian]) VALUES ('HD100','HV100','NV001',N'Tiền mặt','2023-11-08 9:30:00')
INSERT INTO [dbo].[HopDong] ([MaHD],[MaHV],[MaNV],[HinhThucThanhToan],[ThoiGian]) VALUES ('HD101','HV101','NV006',N'Chuyển khoản','2023-11-11 14:30:00')
INSERT INTO [dbo].[HopDong] ([MaHD],[MaHV],[MaNV],[HinhThucThanhToan],[ThoiGian]) VALUES ('HD102','HV102','NV003',N'Chuyển khoản','2023-11-15 16:00:00')
INSERT INTO [dbo].[HopDong] ([MaHD],[MaHV],[MaNV],[HinhThucThanhToan],[ThoiGian]) VALUES ('HD103','HV009','NV002',N'Chuyển khoản','2023-11-19 9:00:00')
INSERT INTO [dbo].[HopDong] ([MaHD],[MaHV],[MaNV],[HinhThucThanhToan],[ThoiGian]) VALUES ('HD104','HV016','NV003',N'Tiền mặt','2023-11-24 9:00:00')
INSERT INTO [dbo].[HopDong] ([MaHD],[MaHV],[MaNV],[HinhThucThanhToan],[ThoiGian]) VALUES ('HD105','HV010','NV004',N'Tiền mặt','2023-11-28 15:30:00')
INSERT INTO [dbo].[HopDong] ([MaHD],[MaHV],[MaNV],[HinhThucThanhToan],[ThoiGian]) VALUES ('HD106','HV010','NV006',N'Tiền mặt','2023-11-30 16:00:00')
INSERT INTO [dbo].[HopDong] ([MaHD],[MaHV],[MaNV],[HinhThucThanhToan],[ThoiGian]) VALUES ('HD107','HV023','NV006',N'Chuyển khoản','2023-12-01 8:30:00')
INSERT INTO [dbo].[HopDong] ([MaHD],[MaHV],[MaNV],[HinhThucThanhToan],[ThoiGian]) VALUES ('HD108','HV008','NV007',N'Chuyển khoản','2023-12-06 15:00:00')
INSERT INTO [dbo].[HopDong] ([MaHD],[MaHV],[MaNV],[HinhThucThanhToan],[ThoiGian]) VALUES ('HD109','HV004','NV004',N'Tiền mặt','2023-12-09 14:30:00')
INSERT INTO [dbo].[HopDong] ([MaHD],[MaHV],[MaNV],[HinhThucThanhToan],[ThoiGian]) VALUES ('HD110','HV030','NV003',N'Tiền mặt','2023-12-11 16:00:00')
INSERT INTO [dbo].[HopDong] ([MaHD],[MaHV],[MaNV],[HinhThucThanhToan],[ThoiGian]) VALUES ('HD111','HV011','NV002',N'Chuyển khoản','2023-12-15 9:00:00')
INSERT INTO [dbo].[HopDong] ([MaHD],[MaHV],[MaNV],[HinhThucThanhToan],[ThoiGian]) VALUES ('HD112','HV026','NV004',N'Chuyển khoản','2023-12-17 15:00:00')
INSERT INTO [dbo].[HopDong] ([MaHD],[MaHV],[MaNV],[HinhThucThanhToan],[ThoiGian]) VALUES ('HD113','HV071','NV004',N'Tiền mặt','2023-12-18 9:30:00')
INSERT INTO [dbo].[HopDong] ([MaHD],[MaHV],[MaNV],[HinhThucThanhToan],[ThoiGian]) VALUES ('HD114','HV045','NV001',N'Tiền mặt','2023-12-21 14:30:00')
INSERT INTO [dbo].[HopDong] ([MaHD],[MaHV],[MaNV],[HinhThucThanhToan],[ThoiGian]) VALUES ('HD115','HV016','NV001',N'Chuyển khoản','2023-12-25 16:00:00')
INSERT INTO [dbo].[HopDong] ([MaHD],[MaHV],[MaNV],[HinhThucThanhToan],[ThoiGian]) VALUES ('HD116','HV060','NV006',N'Chuyển khoản','2023-12-28 9:00:00')
INSERT INTO [dbo].[HopDong] ([MaHD],[MaHV],[MaNV],[HinhThucThanhToan],[ThoiGian]) VALUES ('HD117','HV019','NV007',N'Tiền mặt','2023-12-29 9:00:00')
INSERT INTO [dbo].[HopDong] ([MaHD],[MaHV],[MaNV],[HinhThucThanhToan],[ThoiGian]) VALUES ('HD118','HV049','NV004',N'Tiền mặt','2023-12-30 15:30:00')
INSERT INTO [dbo].[HopDong] ([MaHD],[MaHV],[MaNV],[HinhThucThanhToan],[ThoiGian]) VALUES ('HD119','HV023','NV005',N'Chuyển khoản','2023-11-24 16:00:00')
INSERT INTO [dbo].[HopDong] ([MaHD],[MaHV],[MaNV],[HinhThucThanhToan],[ThoiGian]) VALUES ('HD12he0','HV008','NV002',N'Tiền mặt','2023-10-10 8:30:00')




GO
INSERT INTO [dbo].[ChiTietHD] ([MaHD],[MaLH],[SoTien],[KhuyenMai]) VALUES ('HD001','LH001',4000000,NULL)
INSERT INTO [dbo].[ChiTietHD] ([MaHD],[MaLH],[SoTien],[KhuyenMai]) VALUES ('HD001','LH002',4000000,NULL)
INSERT INTO [dbo].[ChiTietHD] ([MaHD],[MaLH],[SoTien],[KhuyenMai]) VALUES ('HD001','LH003',4000000,NULL)
INSERT INTO [dbo].[ChiTietHD] ([MaHD],[MaLH],[SoTien],[KhuyenMai]) VALUES ('HD001','LH004',4000000,NULL)
INSERT INTO [dbo].[ChiTietHD] ([MaHD],[MaLH],[SoTien],[KhuyenMai]) VALUES ('HD001','LH005',4000000,NULL)
INSERT INTO [dbo].[ChiTietHD] ([MaHD],[MaLH],[SoTien],[KhuyenMai]) VALUES ('HD002','LH001',4000000,NULL)
INSERT INTO [dbo].[ChiTietHD] ([MaHD],[MaLH],[SoTien],[KhuyenMai]) VALUES ('HD002','LH002',4000000,NULL)
INSERT INTO [dbo].[ChiTietHD] ([MaHD],[MaLH],[SoTien],[KhuyenMai]) VALUES ('HD002','LH003',4000000,NULL)
INSERT INTO [dbo].[ChiTietHD] ([MaHD],[MaLH],[SoTien],[KhuyenMai]) VALUES ('HD002','LH004',4000000,NULL)
INSERT INTO [dbo].[ChiTietHD] ([MaHD],[MaLH],[SoTien],[KhuyenMai]) VALUES ('HD002','LH005',4000000,NULL)
INSERT INTO [dbo].[ChiTietHD] ([MaHD],[MaLH],[SoTien],[KhuyenMai]) VALUES ('HD003','LH001',4000000,NULL)
INSERT INTO [dbo].[ChiTietHD] ([MaHD],[MaLH],[SoTien],[KhuyenMai]) VALUES ('HD003','LH002',4000000,NULL)
INSERT INTO [dbo].[ChiTietHD] ([MaHD],[MaLH],[SoTien],[KhuyenMai]) VALUES ('HD003','LH003',4000000,NULL)
INSERT INTO [dbo].[ChiTietHD] ([MaHD],[MaLH],[SoTien],[KhuyenMai]) VALUES ('HD003','LH004',4000000,NULL)
INSERT INTO [dbo].[ChiTietHD] ([MaHD],[MaLH],[SoTien],[KhuyenMai]) VALUES ('HD003','LH005',4000000,NULL)
INSERT INTO [dbo].[ChiTietHD] ([MaHD],[MaLH],[SoTien],[KhuyenMai]) VALUES ('HD004','LH001',4000000,NULL)
INSERT INTO [dbo].[ChiTietHD] ([MaHD],[MaLH],[SoTien],[KhuyenMai]) VALUES ('HD004','LH002',4000000,NULL)
INSERT INTO [dbo].[ChiTietHD] ([MaHD],[MaLH],[SoTien],[KhuyenMai]) VALUES ('HD004','LH003',4000000,NULL)
INSERT INTO [dbo].[ChiTietHD] ([MaHD],[MaLH],[SoTien],[KhuyenMai]) VALUES ('HD004','LH004',4000000,NULL)
INSERT INTO [dbo].[ChiTietHD] ([MaHD],[MaLH],[SoTien],[KhuyenMai]) VALUES ('HD004','LH005',4000000,NULL)
INSERT INTO [dbo].[ChiTietHD] ([MaHD],[MaLH],[SoTien],[KhuyenMai]) VALUES ('HD005','LH001',4000000,NULL)
INSERT INTO [dbo].[ChiTietHD] ([MaHD],[MaLH],[SoTien],[KhuyenMai]) VALUES ('HD005','LH002',4000000,NULL)
INSERT INTO [dbo].[ChiTietHD] ([MaHD],[MaLH],[SoTien],[KhuyenMai]) VALUES ('HD005','LH003',4000000,NULL)
INSERT INTO [dbo].[ChiTietHD] ([MaHD],[MaLH],[SoTien],[KhuyenMai]) VALUES ('HD005','LH004',4000000,NULL)
INSERT INTO [dbo].[ChiTietHD] ([MaHD],[MaLH],[SoTien],[KhuyenMai]) VALUES ('HD005','LH005',4000000,NULL)
INSERT INTO [dbo].[ChiTietHD] ([MaHD],[MaLH],[SoTien],[KhuyenMai]) VALUES ('HD006','LH001',4000000,NULL)
INSERT INTO [dbo].[ChiTietHD] ([MaHD],[MaLH],[SoTien],[KhuyenMai]) VALUES ('HD006','LH002',4000000,NULL)
INSERT INTO [dbo].[ChiTietHD] ([MaHD],[MaLH],[SoTien],[KhuyenMai]) VALUES ('HD006','LH003',4000000,NULL)
INSERT INTO [dbo].[ChiTietHD] ([MaHD],[MaLH],[SoTien],[KhuyenMai]) VALUES ('HD006','LH004',4000000,NULL)
INSERT INTO [dbo].[ChiTietHD] ([MaHD],[MaLH],[SoTien],[KhuyenMai]) VALUES ('HD006','LH005',4000000,NULL)
INSERT INTO [dbo].[ChiTietHD] ([MaHD],[MaLH],[SoTien],[KhuyenMai]) VALUES ('HD007','LH001',4000000,NULL)
INSERT INTO [dbo].[ChiTietHD] ([MaHD],[MaLH],[SoTien],[KhuyenMai]) VALUES ('HD007','LH002',4000000,NULL)
INSERT INTO [dbo].[ChiTietHD] ([MaHD],[MaLH],[SoTien],[KhuyenMai]) VALUES ('HD007','LH003',4000000,NULL)
INSERT INTO [dbo].[ChiTietHD] ([MaHD],[MaLH],[SoTien],[KhuyenMai]) VALUES ('HD007','LH004',4000000,NULL)
INSERT INTO [dbo].[ChiTietHD] ([MaHD],[MaLH],[SoTien],[KhuyenMai]) VALUES ('HD007','LH005',4000000,NULL)

INSERT INTO [dbo].[ChiTietHD] ([MaHD],[MaLH],[SoTien],[KhuyenMai]) VALUES ('HD008','LH006',3500000,NULL)
INSERT INTO [dbo].[ChiTietHD] ([MaHD],[MaLH],[SoTien],[KhuyenMai]) VALUES ('HD008','LH007',3500000,NULL)
INSERT INTO [dbo].[ChiTietHD] ([MaHD],[MaLH],[SoTien],[KhuyenMai]) VALUES ('HD008','LH008',3500000,NULL)
INSERT INTO [dbo].[ChiTietHD] ([MaHD],[MaLH],[SoTien],[KhuyenMai]) VALUES ('HD008','LH009',3500000,NULL)
INSERT INTO [dbo].[ChiTietHD] ([MaHD],[MaLH],[SoTien],[KhuyenMai]) VALUES ('HD009','LH006',3500000,NULL)
INSERT INTO [dbo].[ChiTietHD] ([MaHD],[MaLH],[SoTien],[KhuyenMai]) VALUES ('HD009','LH007',3500000,NULL)
INSERT INTO [dbo].[ChiTietHD] ([MaHD],[MaLH],[SoTien],[KhuyenMai]) VALUES ('HD009','LH008',3500000,NULL)
INSERT INTO [dbo].[ChiTietHD] ([MaHD],[MaLH],[SoTien],[KhuyenMai]) VALUES ('HD009','LH009',3500000,NULL)
INSERT INTO [dbo].[ChiTietHD] ([MaHD],[MaLH],[SoTien],[KhuyenMai]) VALUES ('HD010','LH006',3500000,NULL)
INSERT INTO [dbo].[ChiTietHD] ([MaHD],[MaLH],[SoTien],[KhuyenMai]) VALUES ('HD010','LH007',3500000,NULL)
INSERT INTO [dbo].[ChiTietHD] ([MaHD],[MaLH],[SoTien],[KhuyenMai]) VALUES ('HD010','LH008',3500000,NULL)
INSERT INTO [dbo].[ChiTietHD] ([MaHD],[MaLH],[SoTien],[KhuyenMai]) VALUES ('HD010','LH009',3500000,NULL)
INSERT INTO [dbo].[ChiTietHD] ([MaHD],[MaLH],[SoTien],[KhuyenMai]) VALUES ('HD011','LH006',3500000,NULL)
INSERT INTO [dbo].[ChiTietHD] ([MaHD],[MaLH],[SoTien],[KhuyenMai]) VALUES ('HD011','LH007',3500000,NULL)
INSERT INTO [dbo].[ChiTietHD] ([MaHD],[MaLH],[SoTien],[KhuyenMai]) VALUES ('HD011','LH008',3500000,NULL)
INSERT INTO [dbo].[ChiTietHD] ([MaHD],[MaLH],[SoTien],[KhuyenMai]) VALUES ('HD011','LH009',3500000,NULL)
INSERT INTO [dbo].[ChiTietHD] ([MaHD],[MaLH],[SoTien],[KhuyenMai]) VALUES ('HD012','LH006',3500000,NULL)
INSERT INTO [dbo].[ChiTietHD] ([MaHD],[MaLH],[SoTien],[KhuyenMai]) VALUES ('HD012','LH007',3500000,NULL)
INSERT INTO [dbo].[ChiTietHD] ([MaHD],[MaLH],[SoTien],[KhuyenMai]) VALUES ('HD012','LH008',3500000,NULL)
INSERT INTO [dbo].[ChiTietHD] ([MaHD],[MaLH],[SoTien],[KhuyenMai]) VALUES ('HD012','LH009',3500000,NULL)
INSERT INTO [dbo].[ChiTietHD] ([MaHD],[MaLH],[SoTien],[KhuyenMai]) VALUES ('HD013','LH006',3500000,NULL)
INSERT INTO [dbo].[ChiTietHD] ([MaHD],[MaLH],[SoTien],[KhuyenMai]) VALUES ('HD013','LH007',3500000,NULL)
INSERT INTO [dbo].[ChiTietHD] ([MaHD],[MaLH],[SoTien],[KhuyenMai]) VALUES ('HD013','LH008',3500000,NULL)
INSERT INTO [dbo].[ChiTietHD] ([MaHD],[MaLH],[SoTien],[KhuyenMai]) VALUES ('HD013','LH009',3500000,NULL)
INSERT INTO [dbo].[ChiTietHD] ([MaHD],[MaLH],[SoTien],[KhuyenMai]) VALUES ('HD014','LH006',3500000,NULL)
INSERT INTO [dbo].[ChiTietHD] ([MaHD],[MaLH],[SoTien],[KhuyenMai]) VALUES ('HD014','LH007',3500000,NULL)
INSERT INTO [dbo].[ChiTietHD] ([MaHD],[MaLH],[SoTien],[KhuyenMai]) VALUES ('HD014','LH008',3500000,NULL)
INSERT INTO [dbo].[ChiTietHD] ([MaHD],[MaLH],[SoTien],[KhuyenMai]) VALUES ('HD014','LH009',3500000,NULL)
INSERT INTO [dbo].[ChiTietHD] ([MaHD],[MaLH],[SoTien],[KhuyenMai]) VALUES ('HD015','LH006',3500000,NULL)
INSERT INTO [dbo].[ChiTietHD] ([MaHD],[MaLH],[SoTien],[KhuyenMai]) VALUES ('HD015','LH007',3500000,NULL)
INSERT INTO [dbo].[ChiTietHD] ([MaHD],[MaLH],[SoTien],[KhuyenMai]) VALUES ('HD015','LH008',3500000,NULL)
INSERT INTO [dbo].[ChiTietHD] ([MaHD],[MaLH],[SoTien],[KhuyenMai]) VALUES ('HD015','LH009',3500000,NULL)

INSERT INTO [dbo].[ChiTietHD] ([MaHD],[MaLH],[SoTien],[KhuyenMai]) VALUES ('HD016','LH010',4500000,NULL)
INSERT INTO [dbo].[ChiTietHD] ([MaHD],[MaLH],[SoTien],[KhuyenMai]) VALUES ('HD016','LH011',4500000,NULL)
INSERT INTO [dbo].[ChiTietHD] ([MaHD],[MaLH],[SoTien],[KhuyenMai]) VALUES ('HD016','LH012',4500000,NULL)
INSERT INTO [dbo].[ChiTietHD] ([MaHD],[MaLH],[SoTien],[KhuyenMai]) VALUES ('HD016','LH013',4500000,NULL)
INSERT INTO [dbo].[ChiTietHD] ([MaHD],[MaLH],[SoTien],[KhuyenMai]) VALUES ('HD017','LH010',4500000,NULL)
INSERT INTO [dbo].[ChiTietHD] ([MaHD],[MaLH],[SoTien],[KhuyenMai]) VALUES ('HD017','LH011',4500000,NULL)
INSERT INTO [dbo].[ChiTietHD] ([MaHD],[MaLH],[SoTien],[KhuyenMai]) VALUES ('HD017','LH012',4500000,NULL)
INSERT INTO [dbo].[ChiTietHD] ([MaHD],[MaLH],[SoTien],[KhuyenMai]) VALUES ('HD017','LH013',4500000,NULL)
INSERT INTO [dbo].[ChiTietHD] ([MaHD],[MaLH],[SoTien],[KhuyenMai]) VALUES ('HD018','LH010',4500000,NULL)
INSERT INTO [dbo].[ChiTietHD] ([MaHD],[MaLH],[SoTien],[KhuyenMai]) VALUES ('HD018','LH011',4500000,NULL)
INSERT INTO [dbo].[ChiTietHD] ([MaHD],[MaLH],[SoTien],[KhuyenMai]) VALUES ('HD018','LH012',4500000,NULL)
INSERT INTO [dbo].[ChiTietHD] ([MaHD],[MaLH],[SoTien],[KhuyenMai]) VALUES ('HD018','LH013',4500000,NULL)
INSERT INTO [dbo].[ChiTietHD] ([MaHD],[MaLH],[SoTien],[KhuyenMai]) VALUES ('HD019','LH010',4500000,NULL)
INSERT INTO [dbo].[ChiTietHD] ([MaHD],[MaLH],[SoTien],[KhuyenMai]) VALUES ('HD019','LH011',4500000,NULL)
INSERT INTO [dbo].[ChiTietHD] ([MaHD],[MaLH],[SoTien],[KhuyenMai]) VALUES ('HD019','LH012',4500000,NULL)
INSERT INTO [dbo].[ChiTietHD] ([MaHD],[MaLH],[SoTien],[KhuyenMai]) VALUES ('HD019','LH013',4500000,NULL)
INSERT INTO [dbo].[ChiTietHD] ([MaHD],[MaLH],[SoTien],[KhuyenMai]) VALUES ('HD020','LH010',4500000,NULL)
INSERT INTO [dbo].[ChiTietHD] ([MaHD],[MaLH],[SoTien],[KhuyenMai]) VALUES ('HD020','LH011',4500000,NULL)
INSERT INTO [dbo].[ChiTietHD] ([MaHD],[MaLH],[SoTien],[KhuyenMai]) VALUES ('HD020','LH012',4500000,NULL)
INSERT INTO [dbo].[ChiTietHD] ([MaHD],[MaLH],[SoTien],[KhuyenMai]) VALUES ('HD020','LH013',4500000,NULL)
INSERT INTO [dbo].[ChiTietHD] ([MaHD],[MaLH],[SoTien],[KhuyenMai]) VALUES ('HD021','LH010',4500000,NULL)
INSERT INTO [dbo].[ChiTietHD] ([MaHD],[MaLH],[SoTien],[KhuyenMai]) VALUES ('HD021','LH011',4500000,NULL)
INSERT INTO [dbo].[ChiTietHD] ([MaHD],[MaLH],[SoTien],[KhuyenMai]) VALUES ('HD021','LH012',4500000,NULL)
INSERT INTO [dbo].[ChiTietHD] ([MaHD],[MaLH],[SoTien],[KhuyenMai]) VALUES ('HD021','LH013',4500000,NULL)
INSERT INTO [dbo].[ChiTietHD] ([MaHD],[MaLH],[SoTien],[KhuyenMai]) VALUES ('HD022','LH010',4500000,NULL)
INSERT INTO [dbo].[ChiTietHD] ([MaHD],[MaLH],[SoTien],[KhuyenMai]) VALUES ('HD022','LH011',4500000,NULL)
INSERT INTO [dbo].[ChiTietHD] ([MaHD],[MaLH],[SoTien],[KhuyenMai]) VALUES ('HD022','LH012',4500000,NULL)
INSERT INTO [dbo].[ChiTietHD] ([MaHD],[MaLH],[SoTien],[KhuyenMai]) VALUES ('HD022','LH013',4500000,NULL)
INSERT INTO [dbo].[ChiTietHD] ([MaHD],[MaLH],[SoTien],[KhuyenMai]) VALUES ('HD023','LH010',4500000,NULL)
INSERT INTO [dbo].[ChiTietHD] ([MaHD],[MaLH],[SoTien],[KhuyenMai]) VALUES ('HD023','LH011',4500000,NULL)
INSERT INTO [dbo].[ChiTietHD] ([MaHD],[MaLH],[SoTien],[KhuyenMai]) VALUES ('HD023','LH012',4500000,NULL)
INSERT INTO [dbo].[ChiTietHD] ([MaHD],[MaLH],[SoTien],[KhuyenMai]) VALUES ('HD023','LH013',4500000,NULL)
INSERT INTO [dbo].[ChiTietHD] ([MaHD],[MaLH],[SoTien],[KhuyenMai]) VALUES ('HD024','LH010',4500000,NULL)
INSERT INTO [dbo].[ChiTietHD] ([MaHD],[MaLH],[SoTien],[KhuyenMai]) VALUES ('HD024','LH011',4500000,NULL)
INSERT INTO [dbo].[ChiTietHD] ([MaHD],[MaLH],[SoTien],[KhuyenMai]) VALUES ('HD024','LH012',4500000,NULL)
INSERT INTO [dbo].[ChiTietHD] ([MaHD],[MaLH],[SoTien],[KhuyenMai]) VALUES ('HD024','LH013',4500000,NULL)
INSERT INTO [dbo].[ChiTietHD] ([MaHD],[MaLH],[SoTien],[KhuyenMai]) VALUES ('HD025','LH010',4500000,NULL)
INSERT INTO [dbo].[ChiTietHD] ([MaHD],[MaLH],[SoTien],[KhuyenMai]) VALUES ('HD025','LH011',4500000,NULL)
INSERT INTO [dbo].[ChiTietHD] ([MaHD],[MaLH],[SoTien],[KhuyenMai]) VALUES ('HD025','LH012',4500000,NULL)
INSERT INTO [dbo].[ChiTietHD] ([MaHD],[MaLH],[SoTien],[KhuyenMai]) VALUES ('HD025','LH013',4500000,NULL)
INSERT INTO [dbo].[ChiTietHD] ([MaHD],[MaLH],[SoTien],[KhuyenMai]) VALUES ('HD026','LH010',4500000,NULL)
INSERT INTO [dbo].[ChiTietHD] ([MaHD],[MaLH],[SoTien],[KhuyenMai]) VALUES ('HD026','LH011',4500000,NULL)
INSERT INTO [dbo].[ChiTietHD] ([MaHD],[MaLH],[SoTien],[KhuyenMai]) VALUES ('HD026','LH012',4500000,NULL)
INSERT INTO [dbo].[ChiTietHD] ([MaHD],[MaLH],[SoTien],[KhuyenMai]) VALUES ('HD026','LH013',4500000,NULL)
INSERT INTO [dbo].[ChiTietHD] ([MaHD],[MaLH],[SoTien],[KhuyenMai]) VALUES ('HD027','LH010',4500000,NULL)
INSERT INTO [dbo].[ChiTietHD] ([MaHD],[MaLH],[SoTien],[KhuyenMai]) VALUES ('HD027','LH011',4500000,NULL)
INSERT INTO [dbo].[ChiTietHD] ([MaHD],[MaLH],[SoTien],[KhuyenMai]) VALUES ('HD027','LH012',4500000,NULL)
INSERT INTO [dbo].[ChiTietHD] ([MaHD],[MaLH],[SoTien],[KhuyenMai]) VALUES ('HD027','LH013',4500000,NULL)
INSERT INTO [dbo].[ChiTietHD] ([MaHD],[MaLH],[SoTien],[KhuyenMai]) VALUES ('HD028','LH010',4500000,NULL)
INSERT INTO [dbo].[ChiTietHD] ([MaHD],[MaLH],[SoTien],[KhuyenMai]) VALUES ('HD028','LH011',4500000,NULL)
INSERT INTO [dbo].[ChiTietHD] ([MaHD],[MaLH],[SoTien],[KhuyenMai]) VALUES ('HD028','LH012',4500000,NULL)
INSERT INTO [dbo].[ChiTietHD] ([MaHD],[MaLH],[SoTien],[KhuyenMai]) VALUES ('HD028','LH013',4500000,NULL)
INSERT INTO [dbo].[ChiTietHD] ([MaHD],[MaLH],[SoTien],[KhuyenMai]) VALUES ('HD029','LH010',4500000,NULL)
INSERT INTO [dbo].[ChiTietHD] ([MaHD],[MaLH],[SoTien],[KhuyenMai]) VALUES ('HD029','LH011',4500000,NULL)
INSERT INTO [dbo].[ChiTietHD] ([MaHD],[MaLH],[SoTien],[KhuyenMai]) VALUES ('HD029','LH012',4500000,NULL)
INSERT INTO [dbo].[ChiTietHD] ([MaHD],[MaLH],[SoTien],[KhuyenMai]) VALUES ('HD029','LH013',4500000,NULL)
INSERT INTO [dbo].[ChiTietHD] ([MaHD],[MaLH],[SoTien],[KhuyenMai]) VALUES ('HD030','LH010',4500000,NULL)
INSERT INTO [dbo].[ChiTietHD] ([MaHD],[MaLH],[SoTien],[KhuyenMai]) VALUES ('HD030','LH011',4500000,NULL)
INSERT INTO [dbo].[ChiTietHD] ([MaHD],[MaLH],[SoTien],[KhuyenMai]) VALUES ('HD030','LH012',4500000,NULL)
INSERT INTO [dbo].[ChiTietHD] ([MaHD],[MaLH],[SoTien],[KhuyenMai]) VALUES ('HD030','LH013',4500000,NULL)

INSERT INTO [dbo].[ChiTietHD] ([MaHD],[MaLH],[SoTien],[KhuyenMai]) VALUES ('HD031','LH014',5000000,NULL)
INSERT INTO [dbo].[ChiTietHD] ([MaHD],[MaLH],[SoTien],[KhuyenMai]) VALUES ('HD031','LH015',4500000,NULL)
INSERT INTO [dbo].[ChiTietHD] ([MaHD],[MaLH],[SoTien],[KhuyenMai]) VALUES ('HD031','LH016',7000000,NULL)
INSERT INTO [dbo].[ChiTietHD] ([MaHD],[MaLH],[SoTien],[KhuyenMai]) VALUES ('HD032','LH014',5000000,NULL)
INSERT INTO [dbo].[ChiTietHD] ([MaHD],[MaLH],[SoTien],[KhuyenMai]) VALUES ('HD032','LH015',4500000,NULL)
INSERT INTO [dbo].[ChiTietHD] ([MaHD],[MaLH],[SoTien],[KhuyenMai]) VALUES ('HD032','LH016',7000000,NULL)
INSERT INTO [dbo].[ChiTietHD] ([MaHD],[MaLH],[SoTien],[KhuyenMai]) VALUES ('HD033','LH014',5000000,NULL)
INSERT INTO [dbo].[ChiTietHD] ([MaHD],[MaLH],[SoTien],[KhuyenMai]) VALUES ('HD033','LH015',4500000,NULL)
INSERT INTO [dbo].[ChiTietHD] ([MaHD],[MaLH],[SoTien],[KhuyenMai]) VALUES ('HD033','LH016',7000000,NULL)
INSERT INTO [dbo].[ChiTietHD] ([MaHD],[MaLH],[SoTien],[KhuyenMai]) VALUES ('HD034','LH014',5000000,NULL)
INSERT INTO [dbo].[ChiTietHD] ([MaHD],[MaLH],[SoTien],[KhuyenMai]) VALUES ('HD034','LH015',4500000,NULL)
INSERT INTO [dbo].[ChiTietHD] ([MaHD],[MaLH],[SoTien],[KhuyenMai]) VALUES ('HD034','LH016',7000000,NULL)
INSERT INTO [dbo].[ChiTietHD] ([MaHD],[MaLH],[SoTien],[KhuyenMai]) VALUES ('HD035','LH014',5000000,NULL)
INSERT INTO [dbo].[ChiTietHD] ([MaHD],[MaLH],[SoTien],[KhuyenMai]) VALUES ('HD035','LH015',4500000,NULL)
INSERT INTO [dbo].[ChiTietHD] ([MaHD],[MaLH],[SoTien],[KhuyenMai]) VALUES ('HD035','LH016',7000000,NULL)
INSERT INTO [dbo].[ChiTietHD] ([MaHD],[MaLH],[SoTien],[KhuyenMai]) VALUES ('HD036','LH014',5000000,NULL)
INSERT INTO [dbo].[ChiTietHD] ([MaHD],[MaLH],[SoTien],[KhuyenMai]) VALUES ('HD036','LH015',4500000,NULL)
INSERT INTO [dbo].[ChiTietHD] ([MaHD],[MaLH],[SoTien],[KhuyenMai]) VALUES ('HD036','LH016',7000000,NULL)
INSERT INTO [dbo].[ChiTietHD] ([MaHD],[MaLH],[SoTien],[KhuyenMai]) VALUES ('HD037','LH014',5000000,NULL)
INSERT INTO [dbo].[ChiTietHD] ([MaHD],[MaLH],[SoTien],[KhuyenMai]) VALUES ('HD037','LH015',4500000,NULL)
INSERT INTO [dbo].[ChiTietHD] ([MaHD],[MaLH],[SoTien],[KhuyenMai]) VALUES ('HD037','LH016',7000000,NULL)
INSERT INTO [dbo].[ChiTietHD] ([MaHD],[MaLH],[SoTien],[KhuyenMai]) VALUES ('HD038','LH014',5000000,NULL)
INSERT INTO [dbo].[ChiTietHD] ([MaHD],[MaLH],[SoTien],[KhuyenMai]) VALUES ('HD038','LH015',4500000,NULL)
INSERT INTO [dbo].[ChiTietHD] ([MaHD],[MaLH],[SoTien],[KhuyenMai]) VALUES ('HD038','LH016',7000000,NULL)
INSERT INTO [dbo].[ChiTietHD] ([MaHD],[MaLH],[SoTien],[KhuyenMai]) VALUES ('HD039','LH014',5000000,NULL)
INSERT INTO [dbo].[ChiTietHD] ([MaHD],[MaLH],[SoTien],[KhuyenMai]) VALUES ('HD039','LH015',4500000,NULL)
INSERT INTO [dbo].[ChiTietHD] ([MaHD],[MaLH],[SoTien],[KhuyenMai]) VALUES ('HD039','LH016',7000000,NULL)
INSERT INTO [dbo].[ChiTietHD] ([MaHD],[MaLH],[SoTien],[KhuyenMai]) VALUES ('HD040','LH014',5000000,NULL)
INSERT INTO [dbo].[ChiTietHD] ([MaHD],[MaLH],[SoTien],[KhuyenMai]) VALUES ('HD040','LH015',4500000,NULL)
INSERT INTO [dbo].[ChiTietHD] ([MaHD],[MaLH],[SoTien],[KhuyenMai]) VALUES ('HD040','LH016',7000000,NULL)
INSERT INTO [dbo].[ChiTietHD] ([MaHD],[MaLH],[SoTien],[KhuyenMai]) VALUES ('HD041','LH014',5000000,NULL)
INSERT INTO [dbo].[ChiTietHD] ([MaHD],[MaLH],[SoTien],[KhuyenMai]) VALUES ('HD041','LH015',4500000,NULL)
INSERT INTO [dbo].[ChiTietHD] ([MaHD],[MaLH],[SoTien],[KhuyenMai]) VALUES ('HD041','LH016',7000000,NULL)
INSERT INTO [dbo].[ChiTietHD] ([MaHD],[MaLH],[SoTien],[KhuyenMai]) VALUES ('HD042','LH014',5000000,NULL)
INSERT INTO [dbo].[ChiTietHD] ([MaHD],[MaLH],[SoTien],[KhuyenMai]) VALUES ('HD042','LH015',4500000,NULL)
INSERT INTO [dbo].[ChiTietHD] ([MaHD],[MaLH],[SoTien],[KhuyenMai]) VALUES ('HD042','LH016',7000000,NULL)
INSERT INTO [dbo].[ChiTietHD] ([MaHD],[MaLH],[SoTien],[KhuyenMai]) VALUES ('HD043','LH014',5000000,NULL)
INSERT INTO [dbo].[ChiTietHD] ([MaHD],[MaLH],[SoTien],[KhuyenMai]) VALUES ('HD043','LH015',4500000,NULL)
INSERT INTO [dbo].[ChiTietHD] ([MaHD],[MaLH],[SoTien],[KhuyenMai]) VALUES ('HD043','LH016',7000000,NULL)
INSERT INTO [dbo].[ChiTietHD] ([MaHD],[MaLH],[SoTien],[KhuyenMai]) VALUES ('HD044','LH014',5000000,NULL)
INSERT INTO [dbo].[ChiTietHD] ([MaHD],[MaLH],[SoTien],[KhuyenMai]) VALUES ('HD044','LH015',4500000,NULL)
INSERT INTO [dbo].[ChiTietHD] ([MaHD],[MaLH],[SoTien],[KhuyenMai]) VALUES ('HD044','LH016',7000000,NULL)

INSERT INTO [dbo].[ChiTietHD] ([MaHD],[MaLH],[SoTien],[KhuyenMai]) VALUES ('HD045','LH017',5500000,NULL)
INSERT INTO [dbo].[ChiTietHD] ([MaHD],[MaLH],[SoTien],[KhuyenMai]) VALUES ('HD045','LH018',5000000,NULL)
INSERT INTO [dbo].[ChiTietHD] ([MaHD],[MaLH],[SoTien],[KhuyenMai]) VALUES ('HD045','LH019',5000000,NULL)
INSERT INTO [dbo].[ChiTietHD] ([MaHD],[MaLH],[SoTien],[KhuyenMai]) VALUES ('HD045','LH020',5000000,10000)
INSERT INTO [dbo].[ChiTietHD] ([MaHD],[MaLH],[SoTien],[KhuyenMai]) VALUES ('HD046','LH017',5500000,NULL)
INSERT INTO [dbo].[ChiTietHD] ([MaHD],[MaLH],[SoTien],[KhuyenMai]) VALUES ('HD046','LH018',5000000,NULL)
INSERT INTO [dbo].[ChiTietHD] ([MaHD],[MaLH],[SoTien],[KhuyenMai]) VALUES ('HD046','LH019',5000000,NULL)
INSERT INTO [dbo].[ChiTietHD] ([MaHD],[MaLH],[SoTien],[KhuyenMai]) VALUES ('HD046','LH020',5000000,10000)
INSERT INTO [dbo].[ChiTietHD] ([MaHD],[MaLH],[SoTien],[KhuyenMai]) VALUES ('HD047','LH017',5500000,NULL)
INSERT INTO [dbo].[ChiTietHD] ([MaHD],[MaLH],[SoTien],[KhuyenMai]) VALUES ('HD047','LH018',5000000,NULL)
INSERT INTO [dbo].[ChiTietHD] ([MaHD],[MaLH],[SoTien],[KhuyenMai]) VALUES ('HD047','LH019',5000000,NULL)
INSERT INTO [dbo].[ChiTietHD] ([MaHD],[MaLH],[SoTien],[KhuyenMai]) VALUES ('HD047','LH020',5000000,10000)
INSERT INTO [dbo].[ChiTietHD] ([MaHD],[MaLH],[SoTien],[KhuyenMai]) VALUES ('HD048','LH017',5500000,NULL)
INSERT INTO [dbo].[ChiTietHD] ([MaHD],[MaLH],[SoTien],[KhuyenMai]) VALUES ('HD048','LH018',5000000,NULL)
INSERT INTO [dbo].[ChiTietHD] ([MaHD],[MaLH],[SoTien],[KhuyenMai]) VALUES ('HD048','LH019',5000000,NULL)
INSERT INTO [dbo].[ChiTietHD] ([MaHD],[MaLH],[SoTien],[KhuyenMai]) VALUES ('HD048','LH020',5000000,10000)
INSERT INTO [dbo].[ChiTietHD] ([MaHD],[MaLH],[SoTien],[KhuyenMai]) VALUES ('HD049','LH017',5500000,NULL)
INSERT INTO [dbo].[ChiTietHD] ([MaHD],[MaLH],[SoTien],[KhuyenMai]) VALUES ('HD049','LH018',5000000,NULL)
INSERT INTO [dbo].[ChiTietHD] ([MaHD],[MaLH],[SoTien],[KhuyenMai]) VALUES ('HD049','LH019',5000000,NULL)
INSERT INTO [dbo].[ChiTietHD] ([MaHD],[MaLH],[SoTien],[KhuyenMai]) VALUES ('HD049','LH020',5000000,10000)
INSERT INTO [dbo].[ChiTietHD] ([MaHD],[MaLH],[SoTien],[KhuyenMai]) VALUES ('HD050','LH017',5500000,NULL)
INSERT INTO [dbo].[ChiTietHD] ([MaHD],[MaLH],[SoTien],[KhuyenMai]) VALUES ('HD050','LH018',5000000,NULL)
INSERT INTO [dbo].[ChiTietHD] ([MaHD],[MaLH],[SoTien],[KhuyenMai]) VALUES ('HD050','LH019',5000000,NULL)
INSERT INTO [dbo].[ChiTietHD] ([MaHD],[MaLH],[SoTien],[KhuyenMai]) VALUES ('HD050','LH020',5000000,10000)
INSERT INTO [dbo].[ChiTietHD] ([MaHD],[MaLH],[SoTien],[KhuyenMai]) VALUES ('HD051','LH017',5500000,NULL)
INSERT INTO [dbo].[ChiTietHD] ([MaHD],[MaLH],[SoTien],[KhuyenMai]) VALUES ('HD051','LH018',5000000,NULL)
INSERT INTO [dbo].[ChiTietHD] ([MaHD],[MaLH],[SoTien],[KhuyenMai]) VALUES ('HD051','LH019',5000000,NULL)
INSERT INTO [dbo].[ChiTietHD] ([MaHD],[MaLH],[SoTien],[KhuyenMai]) VALUES ('HD051','LH020',5000000,10000)
INSERT INTO [dbo].[ChiTietHD] ([MaHD],[MaLH],[SoTien],[KhuyenMai]) VALUES ('HD052','LH017',5500000,NULL)
INSERT INTO [dbo].[ChiTietHD] ([MaHD],[MaLH],[SoTien],[KhuyenMai]) VALUES ('HD052','LH018',5000000,NULL)
INSERT INTO [dbo].[ChiTietHD] ([MaHD],[MaLH],[SoTien],[KhuyenMai]) VALUES ('HD052','LH019',5000000,NULL)
INSERT INTO [dbo].[ChiTietHD] ([MaHD],[MaLH],[SoTien],[KhuyenMai]) VALUES ('HD052','LH020',5000000,10000)
INSERT INTO [dbo].[ChiTietHD] ([MaHD],[MaLH],[SoTien],[KhuyenMai]) VALUES ('HD053','LH017',5500000,NULL)
INSERT INTO [dbo].[ChiTietHD] ([MaHD],[MaLH],[SoTien],[KhuyenMai]) VALUES ('HD053','LH018',5000000,NULL)
INSERT INTO [dbo].[ChiTietHD] ([MaHD],[MaLH],[SoTien],[KhuyenMai]) VALUES ('HD053','LH019',5000000,NULL)
INSERT INTO [dbo].[ChiTietHD] ([MaHD],[MaLH],[SoTien],[KhuyenMai]) VALUES ('HD053','LH020',5000000,10000)
INSERT INTO [dbo].[ChiTietHD] ([MaHD],[MaLH],[SoTien],[KhuyenMai]) VALUES ('HD054','LH017',5500000,NULL)
INSERT INTO [dbo].[ChiTietHD] ([MaHD],[MaLH],[SoTien],[KhuyenMai]) VALUES ('HD054','LH018',5000000,NULL)
INSERT INTO [dbo].[ChiTietHD] ([MaHD],[MaLH],[SoTien],[KhuyenMai]) VALUES ('HD054','LH019',5000000,NULL)
INSERT INTO [dbo].[ChiTietHD] ([MaHD],[MaLH],[SoTien],[KhuyenMai]) VALUES ('HD054','LH020',5000000,10000)
INSERT INTO [dbo].[ChiTietHD] ([MaHD],[MaLH],[SoTien],[KhuyenMai]) VALUES ('HD055','LH017',5500000,NULL)
INSERT INTO [dbo].[ChiTietHD] ([MaHD],[MaLH],[SoTien],[KhuyenMai]) VALUES ('HD055','LH018',5000000,NULL)
INSERT INTO [dbo].[ChiTietHD] ([MaHD],[MaLH],[SoTien],[KhuyenMai]) VALUES ('HD055','LH019',5000000,NULL)
INSERT INTO [dbo].[ChiTietHD] ([MaHD],[MaLH],[SoTien],[KhuyenMai]) VALUES ('HD055','LH020',5000000,10000)
INSERT INTO [dbo].[ChiTietHD] ([MaHD],[MaLH],[SoTien],[KhuyenMai]) VALUES ('HD056','LH017',5500000,NULL)
INSERT INTO [dbo].[ChiTietHD] ([MaHD],[MaLH],[SoTien],[KhuyenMai]) VALUES ('HD056','LH018',5000000,NULL)
INSERT INTO [dbo].[ChiTietHD] ([MaHD],[MaLH],[SoTien],[KhuyenMai]) VALUES ('HD056','LH019',5000000,NULL)
INSERT INTO [dbo].[ChiTietHD] ([MaHD],[MaLH],[SoTien],[KhuyenMai]) VALUES ('HD056','LH020',5000000,10000)
INSERT INTO [dbo].[ChiTietHD] ([MaHD],[MaLH],[SoTien],[KhuyenMai]) VALUES ('HD057','LH017',5500000,NULL)
INSERT INTO [dbo].[ChiTietHD] ([MaHD],[MaLH],[SoTien],[KhuyenMai]) VALUES ('HD057','LH018',5000000,NULL)
INSERT INTO [dbo].[ChiTietHD] ([MaHD],[MaLH],[SoTien],[KhuyenMai]) VALUES ('HD057','LH019',5000000,NULL)
INSERT INTO [dbo].[ChiTietHD] ([MaHD],[MaLH],[SoTien],[KhuyenMai]) VALUES ('HD057','LH020',5000000,10000)
INSERT INTO [dbo].[ChiTietHD] ([MaHD],[MaLH],[SoTien],[KhuyenMai]) VALUES ('HD058','LH017',5500000,NULL)
INSERT INTO [dbo].[ChiTietHD] ([MaHD],[MaLH],[SoTien],[KhuyenMai]) VALUES ('HD058','LH018',5000000,NULL)
INSERT INTO [dbo].[ChiTietHD] ([MaHD],[MaLH],[SoTien],[KhuyenMai]) VALUES ('HD058','LH019',5000000,NULL)
INSERT INTO [dbo].[ChiTietHD] ([MaHD],[MaLH],[SoTien],[KhuyenMai]) VALUES ('HD058','LH020',5000000,10000)
INSERT INTO [dbo].[ChiTietHD] ([MaHD],[MaLH],[SoTien],[KhuyenMai]) VALUES ('HD059','LH017',5500000,NULL)
INSERT INTO [dbo].[ChiTietHD] ([MaHD],[MaLH],[SoTien],[KhuyenMai]) VALUES ('HD059','LH018',5000000,NULL)
INSERT INTO [dbo].[ChiTietHD] ([MaHD],[MaLH],[SoTien],[KhuyenMai]) VALUES ('HD059','LH019',5000000,NULL)
INSERT INTO [dbo].[ChiTietHD] ([MaHD],[MaLH],[SoTien],[KhuyenMai]) VALUES ('HD059','LH020',5000000,10000)

INSERT INTO [dbo].[ChiTietHD] ([MaHD],[MaLH],[SoTien],[KhuyenMai]) VALUES ('HD060','LH021',4000000,NULL)
INSERT INTO [dbo].[ChiTietHD] ([MaHD],[MaLH],[SoTien],[KhuyenMai]) VALUES ('HD060','LH022',4000000,NULL)
INSERT INTO [dbo].[ChiTietHD] ([MaHD],[MaLH],[SoTien],[KhuyenMai]) VALUES ('HD060','LH023',4000000,NULL)
INSERT INTO [dbo].[ChiTietHD] ([MaHD],[MaLH],[SoTien],[KhuyenMai]) VALUES ('HD060','LH024',4000000,500000)
INSERT INTO [dbo].[ChiTietHD] ([MaHD],[MaLH],[SoTien],[KhuyenMai]) VALUES ('HD061','LH021',4000000,NULL)
INSERT INTO [dbo].[ChiTietHD] ([MaHD],[MaLH],[SoTien],[KhuyenMai]) VALUES ('HD061','LH022',4000000,NULL)
INSERT INTO [dbo].[ChiTietHD] ([MaHD],[MaLH],[SoTien],[KhuyenMai]) VALUES ('HD061','LH023',4000000,NULL)
INSERT INTO [dbo].[ChiTietHD] ([MaHD],[MaLH],[SoTien],[KhuyenMai]) VALUES ('HD061','LH024',4000000,500000)
INSERT INTO [dbo].[ChiTietHD] ([MaHD],[MaLH],[SoTien],[KhuyenMai]) VALUES ('HD062','LH021',4000000,NULL)
INSERT INTO [dbo].[ChiTietHD] ([MaHD],[MaLH],[SoTien],[KhuyenMai]) VALUES ('HD062','LH022',4000000,NULL)
INSERT INTO [dbo].[ChiTietHD] ([MaHD],[MaLH],[SoTien],[KhuyenMai]) VALUES ('HD062','LH023',4000000,NULL)
INSERT INTO [dbo].[ChiTietHD] ([MaHD],[MaLH],[SoTien],[KhuyenMai]) VALUES ('HD062','LH024',4000000,500000)
INSERT INTO [dbo].[ChiTietHD] ([MaHD],[MaLH],[SoTien],[KhuyenMai]) VALUES ('HD063','LH021',4000000,NULL)
INSERT INTO [dbo].[ChiTietHD] ([MaHD],[MaLH],[SoTien],[KhuyenMai]) VALUES ('HD063','LH022',4000000,NULL)
INSERT INTO [dbo].[ChiTietHD] ([MaHD],[MaLH],[SoTien],[KhuyenMai]) VALUES ('HD063','LH023',4000000,NULL)
INSERT INTO [dbo].[ChiTietHD] ([MaHD],[MaLH],[SoTien],[KhuyenMai]) VALUES ('HD063','LH024',4000000,500000)
INSERT INTO [dbo].[ChiTietHD] ([MaHD],[MaLH],[SoTien],[KhuyenMai]) VALUES ('HD064','LH021',4000000,NULL)
INSERT INTO [dbo].[ChiTietHD] ([MaHD],[MaLH],[SoTien],[KhuyenMai]) VALUES ('HD064','LH022',4000000,NULL)
INSERT INTO [dbo].[ChiTietHD] ([MaHD],[MaLH],[SoTien],[KhuyenMai]) VALUES ('HD064','LH023',4000000,NULL)
INSERT INTO [dbo].[ChiTietHD] ([MaHD],[MaLH],[SoTien],[KhuyenMai]) VALUES ('HD064','LH024',4000000,500000)
INSERT INTO [dbo].[ChiTietHD] ([MaHD],[MaLH],[SoTien],[KhuyenMai]) VALUES ('HD065','LH021',4000000,NULL)
INSERT INTO [dbo].[ChiTietHD] ([MaHD],[MaLH],[SoTien],[KhuyenMai]) VALUES ('HD065','LH022',4000000,NULL)
INSERT INTO [dbo].[ChiTietHD] ([MaHD],[MaLH],[SoTien],[KhuyenMai]) VALUES ('HD065','LH023',4000000,NULL)
INSERT INTO [dbo].[ChiTietHD] ([MaHD],[MaLH],[SoTien],[KhuyenMai]) VALUES ('HD065','LH024',4000000,500000)
INSERT INTO [dbo].[ChiTietHD] ([MaHD],[MaLH],[SoTien],[KhuyenMai]) VALUES ('HD066','LH021',4000000,NULL)
INSERT INTO [dbo].[ChiTietHD] ([MaHD],[MaLH],[SoTien],[KhuyenMai]) VALUES ('HD066','LH022',4000000,NULL)
INSERT INTO [dbo].[ChiTietHD] ([MaHD],[MaLH],[SoTien],[KhuyenMai]) VALUES ('HD066','LH023',4000000,NULL)
INSERT INTO [dbo].[ChiTietHD] ([MaHD],[MaLH],[SoTien],[KhuyenMai]) VALUES ('HD066','LH024',4000000,500000)
INSERT INTO [dbo].[ChiTietHD] ([MaHD],[MaLH],[SoTien],[KhuyenMai]) VALUES ('HD067','LH021',4000000,NULL)
INSERT INTO [dbo].[ChiTietHD] ([MaHD],[MaLH],[SoTien],[KhuyenMai]) VALUES ('HD067','LH022',4000000,NULL)
INSERT INTO [dbo].[ChiTietHD] ([MaHD],[MaLH],[SoTien],[KhuyenMai]) VALUES ('HD067','LH023',4000000,NULL)
INSERT INTO [dbo].[ChiTietHD] ([MaHD],[MaLH],[SoTien],[KhuyenMai]) VALUES ('HD067','LH024',4000000,500000)
INSERT INTO [dbo].[ChiTietHD] ([MaHD],[MaLH],[SoTien],[KhuyenMai]) VALUES ('HD068','LH021',4000000,NULL)
INSERT INTO [dbo].[ChiTietHD] ([MaHD],[MaLH],[SoTien],[KhuyenMai]) VALUES ('HD068','LH022',4000000,NULL)
INSERT INTO [dbo].[ChiTietHD] ([MaHD],[MaLH],[SoTien],[KhuyenMai]) VALUES ('HD068','LH023',4000000,NULL)
INSERT INTO [dbo].[ChiTietHD] ([MaHD],[MaLH],[SoTien],[KhuyenMai]) VALUES ('HD068','LH024',4000000,500000)
INSERT INTO [dbo].[ChiTietHD] ([MaHD],[MaLH],[SoTien],[KhuyenMai]) VALUES ('HD069','LH021',4000000,NULL)
INSERT INTO [dbo].[ChiTietHD] ([MaHD],[MaLH],[SoTien],[KhuyenMai]) VALUES ('HD069','LH022',4000000,NULL)
INSERT INTO [dbo].[ChiTietHD] ([MaHD],[MaLH],[SoTien],[KhuyenMai]) VALUES ('HD069','LH023',4000000,NULL)
INSERT INTO [dbo].[ChiTietHD] ([MaHD],[MaLH],[SoTien],[KhuyenMai]) VALUES ('HD069','LH024',4000000,500000)
INSERT INTO [dbo].[ChiTietHD] ([MaHD],[MaLH],[SoTien],[KhuyenMai]) VALUES ('HD070','LH021',4000000,NULL)
INSERT INTO [dbo].[ChiTietHD] ([MaHD],[MaLH],[SoTien],[KhuyenMai]) VALUES ('HD070','LH022',4000000,NULL)
INSERT INTO [dbo].[ChiTietHD] ([MaHD],[MaLH],[SoTien],[KhuyenMai]) VALUES ('HD070','LH023',4000000,NULL)
INSERT INTO [dbo].[ChiTietHD] ([MaHD],[MaLH],[SoTien],[KhuyenMai]) VALUES ('HD070','LH024',4000000,500000)
INSERT INTO [dbo].[ChiTietHD] ([MaHD],[MaLH],[SoTien],[KhuyenMai]) VALUES ('HD071','LH021',4000000,NULL)
INSERT INTO [dbo].[ChiTietHD] ([MaHD],[MaLH],[SoTien],[KhuyenMai]) VALUES ('HD071','LH022',4000000,NULL)
INSERT INTO [dbo].[ChiTietHD] ([MaHD],[MaLH],[SoTien],[KhuyenMai]) VALUES ('HD071','LH023',4000000,NULL)
INSERT INTO [dbo].[ChiTietHD] ([MaHD],[MaLH],[SoTien],[KhuyenMai]) VALUES ('HD071','LH024',4000000,500000)
INSERT INTO [dbo].[ChiTietHD] ([MaHD],[MaLH],[SoTien],[KhuyenMai]) VALUES ('HD072','LH021',4000000,NULL)
INSERT INTO [dbo].[ChiTietHD] ([MaHD],[MaLH],[SoTien],[KhuyenMai]) VALUES ('HD072','LH022',4000000,NULL)
INSERT INTO [dbo].[ChiTietHD] ([MaHD],[MaLH],[SoTien],[KhuyenMai]) VALUES ('HD072','LH023',4000000,NULL)
INSERT INTO [dbo].[ChiTietHD] ([MaHD],[MaLH],[SoTien],[KhuyenMai]) VALUES ('HD072','LH024',4000000,500000)
INSERT INTO [dbo].[ChiTietHD] ([MaHD],[MaLH],[SoTien],[KhuyenMai]) VALUES ('HD073','LH021',4000000,NULL)
INSERT INTO [dbo].[ChiTietHD] ([MaHD],[MaLH],[SoTien],[KhuyenMai]) VALUES ('HD073','LH022',4000000,NULL)
INSERT INTO [dbo].[ChiTietHD] ([MaHD],[MaLH],[SoTien],[KhuyenMai]) VALUES ('HD073','LH023',4000000,NULL)
INSERT INTO [dbo].[ChiTietHD] ([MaHD],[MaLH],[SoTien],[KhuyenMai]) VALUES ('HD073','LH024',4000000,500000)
INSERT INTO [dbo].[ChiTietHD] ([MaHD],[MaLH],[SoTien],[KhuyenMai]) VALUES ('HD074','LH021',4000000,NULL)
INSERT INTO [dbo].[ChiTietHD] ([MaHD],[MaLH],[SoTien],[KhuyenMai]) VALUES ('HD074','LH022',4000000,NULL)
INSERT INTO [dbo].[ChiTietHD] ([MaHD],[MaLH],[SoTien],[KhuyenMai]) VALUES ('HD074','LH023',4000000,NULL)
INSERT INTO [dbo].[ChiTietHD] ([MaHD],[MaLH],[SoTien],[KhuyenMai]) VALUES ('HD074','LH024',4000000,500000)
INSERT INTO [dbo].[ChiTietHD] ([MaHD],[MaLH],[SoTien],[KhuyenMai]) VALUES ('HD075','LH021',4000000,NULL)
INSERT INTO [dbo].[ChiTietHD] ([MaHD],[MaLH],[SoTien],[KhuyenMai]) VALUES ('HD075','LH022',4000000,NULL)
INSERT INTO [dbo].[ChiTietHD] ([MaHD],[MaLH],[SoTien],[KhuyenMai]) VALUES ('HD075','LH023',4000000,NULL)
INSERT INTO [dbo].[ChiTietHD] ([MaHD],[MaLH],[SoTien],[KhuyenMai]) VALUES ('HD075','LH024',4000000,500000)
INSERT INTO [dbo].[ChiTietHD] ([MaHD],[MaLH],[SoTien],[KhuyenMai]) VALUES ('HD076','LH021',4000000,NULL)
INSERT INTO [dbo].[ChiTietHD] ([MaHD],[MaLH],[SoTien],[KhuyenMai]) VALUES ('HD076','LH022',4000000,NULL)
INSERT INTO [dbo].[ChiTietHD] ([MaHD],[MaLH],[SoTien],[KhuyenMai]) VALUES ('HD076','LH023',4000000,NULL)
INSERT INTO [dbo].[ChiTietHD] ([MaHD],[MaLH],[SoTien],[KhuyenMai]) VALUES ('HD076','LH024',4000000,500000)
INSERT INTO [dbo].[ChiTietHD] ([MaHD],[MaLH],[SoTien],[KhuyenMai]) VALUES ('HD077','LH021',4000000,NULL)
INSERT INTO [dbo].[ChiTietHD] ([MaHD],[MaLH],[SoTien],[KhuyenMai]) VALUES ('HD077','LH022',4000000,NULL)
INSERT INTO [dbo].[ChiTietHD] ([MaHD],[MaLH],[SoTien],[KhuyenMai]) VALUES ('HD077','LH023',4000000,NULL)
INSERT INTO [dbo].[ChiTietHD] ([MaHD],[MaLH],[SoTien],[KhuyenMai]) VALUES ('HD077','LH024',4000000,500000)
INSERT INTO [dbo].[ChiTietHD] ([MaHD],[MaLH],[SoTien],[KhuyenMai]) VALUES ('HD078','LH021',4000000,NULL)
INSERT INTO [dbo].[ChiTietHD] ([MaHD],[MaLH],[SoTien],[KhuyenMai]) VALUES ('HD078','LH022',4000000,NULL)
INSERT INTO [dbo].[ChiTietHD] ([MaHD],[MaLH],[SoTien],[KhuyenMai]) VALUES ('HD078','LH023',4000000,NULL)
INSERT INTO [dbo].[ChiTietHD] ([MaHD],[MaLH],[SoTien],[KhuyenMai]) VALUES ('HD078','LH024',4000000,500000)

INSERT INTO [dbo].[ChiTietHD] ([MaHD],[MaLH],[SoTien],[KhuyenMai]) VALUES ('HD079','LH026',4500000,100000)
INSERT INTO [dbo].[ChiTietHD] ([MaHD],[MaLH],[SoTien],[KhuyenMai]) VALUES ('HD079','LH027',5000000,NULL)
INSERT INTO [dbo].[ChiTietHD] ([MaHD],[MaLH],[SoTien],[KhuyenMai]) VALUES ('HD079','LH028',5000000,NULL)
INSERT INTO [dbo].[ChiTietHD] ([MaHD],[MaLH],[SoTien],[KhuyenMai]) VALUES ('HD080','LH026',4500000,100000)
INSERT INTO [dbo].[ChiTietHD] ([MaHD],[MaLH],[SoTien],[KhuyenMai]) VALUES ('HD080','LH027',5000000,NULL)
INSERT INTO [dbo].[ChiTietHD] ([MaHD],[MaLH],[SoTien],[KhuyenMai]) VALUES ('HD080','LH028',5000000,NULL)
INSERT INTO [dbo].[ChiTietHD] ([MaHD],[MaLH],[SoTien],[KhuyenMai]) VALUES ('HD081','LH026',4500000,100000)
INSERT INTO [dbo].[ChiTietHD] ([MaHD],[MaLH],[SoTien],[KhuyenMai]) VALUES ('HD081','LH027',5000000,NULL)
INSERT INTO [dbo].[ChiTietHD] ([MaHD],[MaLH],[SoTien],[KhuyenMai]) VALUES ('HD081','LH028',5000000,NULL)
INSERT INTO [dbo].[ChiTietHD] ([MaHD],[MaLH],[SoTien],[KhuyenMai]) VALUES ('HD082','LH026',4500000,100000)
INSERT INTO [dbo].[ChiTietHD] ([MaHD],[MaLH],[SoTien],[KhuyenMai]) VALUES ('HD082','LH027',5000000,NULL)
INSERT INTO [dbo].[ChiTietHD] ([MaHD],[MaLH],[SoTien],[KhuyenMai]) VALUES ('HD082','LH028',5000000,NULL)
INSERT INTO [dbo].[ChiTietHD] ([MaHD],[MaLH],[SoTien],[KhuyenMai]) VALUES ('HD084','LH026',4500000,100000)
INSERT INTO [dbo].[ChiTietHD] ([MaHD],[MaLH],[SoTien],[KhuyenMai]) VALUES ('HD084','LH027',5000000,NULL)
INSERT INTO [dbo].[ChiTietHD] ([MaHD],[MaLH],[SoTien],[KhuyenMai]) VALUES ('HD084','LH028',5000000,NULL)
INSERT INTO [dbo].[ChiTietHD] ([MaHD],[MaLH],[SoTien],[KhuyenMai]) VALUES ('HD085','LH026',4500000,100000)
INSERT INTO [dbo].[ChiTietHD] ([MaHD],[MaLH],[SoTien],[KhuyenMai]) VALUES ('HD085','LH027',5000000,NULL)
INSERT INTO [dbo].[ChiTietHD] ([MaHD],[MaLH],[SoTien],[KhuyenMai]) VALUES ('HD085','LH028',5000000,NULL)
INSERT INTO [dbo].[ChiTietHD] ([MaHD],[MaLH],[SoTien],[KhuyenMai]) VALUES ('HD086','LH026',4500000,100000)
INSERT INTO [dbo].[ChiTietHD] ([MaHD],[MaLH],[SoTien],[KhuyenMai]) VALUES ('HD086','LH027',5000000,NULL)
INSERT INTO [dbo].[ChiTietHD] ([MaHD],[MaLH],[SoTien],[KhuyenMai]) VALUES ('HD086','LH028',5000000,NULL)
INSERT INTO [dbo].[ChiTietHD] ([MaHD],[MaLH],[SoTien],[KhuyenMai]) VALUES ('HD087','LH026',4500000,100000)
INSERT INTO [dbo].[ChiTietHD] ([MaHD],[MaLH],[SoTien],[KhuyenMai]) VALUES ('HD087','LH027',5000000,NULL)
INSERT INTO [dbo].[ChiTietHD] ([MaHD],[MaLH],[SoTien],[KhuyenMai]) VALUES ('HD087','LH028',5000000,NULL)
INSERT INTO [dbo].[ChiTietHD] ([MaHD],[MaLH],[SoTien],[KhuyenMai]) VALUES ('HD088','LH026',4500000,100000)
INSERT INTO [dbo].[ChiTietHD] ([MaHD],[MaLH],[SoTien],[KhuyenMai]) VALUES ('HD088','LH027',5000000,NULL)
INSERT INTO [dbo].[ChiTietHD] ([MaHD],[MaLH],[SoTien],[KhuyenMai]) VALUES ('HD088','LH028',5000000,NULL)
INSERT INTO [dbo].[ChiTietHD] ([MaHD],[MaLH],[SoTien],[KhuyenMai]) VALUES ('HD089','LH026',4500000,100000)
INSERT INTO [dbo].[ChiTietHD] ([MaHD],[MaLH],[SoTien],[KhuyenMai]) VALUES ('HD089','LH027',5000000,NULL)
INSERT INTO [dbo].[ChiTietHD] ([MaHD],[MaLH],[SoTien],[KhuyenMai]) VALUES ('HD089','LH028',5000000,NULL)
INSERT INTO [dbo].[ChiTietHD] ([MaHD],[MaLH],[SoTien],[KhuyenMai]) VALUES ('HD090','LH026',4500000,100000)
INSERT INTO [dbo].[ChiTietHD] ([MaHD],[MaLH],[SoTien],[KhuyenMai]) VALUES ('HD090','LH027',5000000,NULL)
INSERT INTO [dbo].[ChiTietHD] ([MaHD],[MaLH],[SoTien],[KhuyenMai]) VALUES ('HD090','LH028',5000000,NULL)
INSERT INTO [dbo].[ChiTietHD] ([MaHD],[MaLH],[SoTien],[KhuyenMai]) VALUES ('HD091','LH026',4500000,100000)
INSERT INTO [dbo].[ChiTietHD] ([MaHD],[MaLH],[SoTien],[KhuyenMai]) VALUES ('HD091','LH027',5000000,NULL)
INSERT INTO [dbo].[ChiTietHD] ([MaHD],[MaLH],[SoTien],[KhuyenMai]) VALUES ('HD091','LH028',5000000,NULL)
INSERT INTO [dbo].[ChiTietHD] ([MaHD],[MaLH],[SoTien],[KhuyenMai]) VALUES ('HD092','LH026',4500000,100000)
INSERT INTO [dbo].[ChiTietHD] ([MaHD],[MaLH],[SoTien],[KhuyenMai]) VALUES ('HD092','LH027',5000000,NULL)
INSERT INTO [dbo].[ChiTietHD] ([MaHD],[MaLH],[SoTien],[KhuyenMai]) VALUES ('HD092','LH028',5000000,NULL)
INSERT INTO [dbo].[ChiTietHD] ([MaHD],[MaLH],[SoTien],[KhuyenMai]) VALUES ('HD093','LH026',4500000,100000)
INSERT INTO [dbo].[ChiTietHD] ([MaHD],[MaLH],[SoTien],[KhuyenMai]) VALUES ('HD093','LH027',5000000,NULL)
INSERT INTO [dbo].[ChiTietHD] ([MaHD],[MaLH],[SoTien],[KhuyenMai]) VALUES ('HD093','LH028',5000000,NULL)
INSERT INTO [dbo].[ChiTietHD] ([MaHD],[MaLH],[SoTien],[KhuyenMai]) VALUES ('HD094','LH026',4500000,100000)
INSERT INTO [dbo].[ChiTietHD] ([MaHD],[MaLH],[SoTien],[KhuyenMai]) VALUES ('HD094','LH027',5000000,NULL)
INSERT INTO [dbo].[ChiTietHD] ([MaHD],[MaLH],[SoTien],[KhuyenMai]) VALUES ('HD094','LH028',5000000,NULL)
INSERT INTO [dbo].[ChiTietHD] ([MaHD],[MaLH],[SoTien],[KhuyenMai]) VALUES ('HD095','LH026',4500000,100000)
INSERT INTO [dbo].[ChiTietHD] ([MaHD],[MaLH],[SoTien],[KhuyenMai]) VALUES ('HD095','LH027',5000000,NULL)
INSERT INTO [dbo].[ChiTietHD] ([MaHD],[MaLH],[SoTien],[KhuyenMai]) VALUES ('HD095','LH028',5000000,NULL)
INSERT INTO [dbo].[ChiTietHD] ([MaHD],[MaLH],[SoTien],[KhuyenMai]) VALUES ('HD096','LH026',4500000,100000)
INSERT INTO [dbo].[ChiTietHD] ([MaHD],[MaLH],[SoTien],[KhuyenMai]) VALUES ('HD096','LH027',5000000,NULL)
INSERT INTO [dbo].[ChiTietHD] ([MaHD],[MaLH],[SoTien],[KhuyenMai]) VALUES ('HD096','LH028',5000000,NULL)
INSERT INTO [dbo].[ChiTietHD] ([MaHD],[MaLH],[SoTien],[KhuyenMai]) VALUES ('HD097','LH026',4500000,100000)
INSERT INTO [dbo].[ChiTietHD] ([MaHD],[MaLH],[SoTien],[KhuyenMai]) VALUES ('HD097','LH027',5000000,NULL)
INSERT INTO [dbo].[ChiTietHD] ([MaHD],[MaLH],[SoTien],[KhuyenMai]) VALUES ('HD097','LH028',5000000,NULL)
INSERT INTO [dbo].[ChiTietHD] ([MaHD],[MaLH],[SoTien],[KhuyenMai]) VALUES ('HD098','LH026',4500000,100000)
INSERT INTO [dbo].[ChiTietHD] ([MaHD],[MaLH],[SoTien],[KhuyenMai]) VALUES ('HD098','LH027',5000000,NULL)
INSERT INTO [dbo].[ChiTietHD] ([MaHD],[MaLH],[SoTien],[KhuyenMai]) VALUES ('HD098','LH028',5000000,NULL)

INSERT INTO [dbo].[ChiTietHD] ([MaHD],[MaLH],[SoTien],[KhuyenMai]) VALUES ('HD099','LH029',3000000,NULL)
INSERT INTO [dbo].[ChiTietHD] ([MaHD],[MaLH],[SoTien],[KhuyenMai]) VALUES ('HD099','LH030',3000000,NULL)
INSERT INTO [dbo].[ChiTietHD] ([MaHD],[MaLH],[SoTien],[KhuyenMai]) VALUES ('HD099','LH031',3000000,NULL)
INSERT INTO [dbo].[ChiTietHD] ([MaHD],[MaLH],[SoTien],[KhuyenMai]) VALUES ('HD099','LH032',3000000,NULL)
INSERT INTO [dbo].[ChiTietHD] ([MaHD],[MaLH],[SoTien],[KhuyenMai]) VALUES ('HD100','LH029',3000000,NULL)
INSERT INTO [dbo].[ChiTietHD] ([MaHD],[MaLH],[SoTien],[KhuyenMai]) VALUES ('HD100','LH030',3000000,NULL)
INSERT INTO [dbo].[ChiTietHD] ([MaHD],[MaLH],[SoTien],[KhuyenMai]) VALUES ('HD100','LH031',3000000,NULL)
INSERT INTO [dbo].[ChiTietHD] ([MaHD],[MaLH],[SoTien],[KhuyenMai]) VALUES ('HD100','LH032',3000000,NULL)

INSERT INTO [dbo].[ChiTietHD] ([MaHD],[MaLH],[SoTien],[KhuyenMai]) VALUES ('HD101','LH033',4000000,NULL)
INSERT INTO [dbo].[ChiTietHD] ([MaHD],[MaLH],[SoTien],[KhuyenMai]) VALUES ('HD101','LH034',4000000,NULL)
INSERT INTO [dbo].[ChiTietHD] ([MaHD],[MaLH],[SoTien],[KhuyenMai]) VALUES ('HD101','LH035',4000000,NULL)
INSERT INTO [dbo].[ChiTietHD] ([MaHD],[MaLH],[SoTien],[KhuyenMai]) VALUES ('HD101','LH036',4000000,NULL)
INSERT INTO [dbo].[ChiTietHD] ([MaHD],[MaLH],[SoTien],[KhuyenMai]) VALUES ('HD102','LH033',4000000,NULL)
INSERT INTO [dbo].[ChiTietHD] ([MaHD],[MaLH],[SoTien],[KhuyenMai]) VALUES ('HD102','LH034',4000000,NULL)
INSERT INTO [dbo].[ChiTietHD] ([MaHD],[MaLH],[SoTien],[KhuyenMai]) VALUES ('HD102','LH035',4000000,NULL)
INSERT INTO [dbo].[ChiTietHD] ([MaHD],[MaLH],[SoTien],[KhuyenMai]) VALUES ('HD102','LH036',4000000,NULL)
INSERT INTO [dbo].[ChiTietHD] ([MaHD],[MaLH],[SoTien],[KhuyenMai]) VALUES ('HD103','LH033',4000000,NULL)
INSERT INTO [dbo].[ChiTietHD] ([MaHD],[MaLH],[SoTien],[KhuyenMai]) VALUES ('HD103','LH034',4000000,NULL)
INSERT INTO [dbo].[ChiTietHD] ([MaHD],[MaLH],[SoTien],[KhuyenMai]) VALUES ('HD103','LH035',4000000,NULL)
INSERT INTO [dbo].[ChiTietHD] ([MaHD],[MaLH],[SoTien],[KhuyenMai]) VALUES ('HD103','LH036',4000000,NULL)
INSERT INTO [dbo].[ChiTietHD] ([MaHD],[MaLH],[SoTien],[KhuyenMai]) VALUES ('HD104','LH037',6500000,NULL)
INSERT INTO [dbo].[ChiTietHD] ([MaHD],[MaLH],[SoTien],[KhuyenMai]) VALUES ('HD104','LH038',6500000,NULL)
INSERT INTO [dbo].[ChiTietHD] ([MaHD],[MaLH],[SoTien],[KhuyenMai]) VALUES ('HD105','LH037',6500000,NULL)
INSERT INTO [dbo].[ChiTietHD] ([MaHD],[MaLH],[SoTien],[KhuyenMai]) VALUES ('HD105','LH038',6500000,NULL)
INSERT INTO [dbo].[ChiTietHD] ([MaHD],[MaLH],[SoTien],[KhuyenMai]) VALUES ('HD106','LH037',6500000,NULL)
INSERT INTO [dbo].[ChiTietHD] ([MaHD],[MaLH],[SoTien],[KhuyenMai]) VALUES ('HD106','LH038',6500000,NULL)
INSERT INTO [dbo].[ChiTietHD] ([MaHD],[MaLH],[SoTien],[KhuyenMai]) VALUES ('HD107','LH037',6500000,NULL)
INSERT INTO [dbo].[ChiTietHD] ([MaHD],[MaLH],[SoTien],[KhuyenMai]) VALUES ('HD107','LH038',6500000,NULL)
INSERT INTO [dbo].[ChiTietHD] ([MaHD],[MaLH],[SoTien],[KhuyenMai]) VALUES ('HD108','LH037',6500000,NULL)
INSERT INTO [dbo].[ChiTietHD] ([MaHD],[MaLH],[SoTien],[KhuyenMai]) VALUES ('HD108','LH038',6500000,NULL)

INSERT INTO [dbo].[ChiTietHD] ([MaHD],[MaLH],[SoTien],[KhuyenMai]) VALUES ('HD109','LH039',5000000,NULL)
INSERT INTO [dbo].[ChiTietHD] ([MaHD],[MaLH],[SoTien],[KhuyenMai]) VALUES ('HD109','LH040',5000000,NULL)
INSERT INTO [dbo].[ChiTietHD] ([MaHD],[MaLH],[SoTien],[KhuyenMai]) VALUES ('HD110','LH039',5000000,NULL)
INSERT INTO [dbo].[ChiTietHD] ([MaHD],[MaLH],[SoTien],[KhuyenMai]) VALUES ('HD110','LH040',5000000,NULL)
INSERT INTO [dbo].[ChiTietHD] ([MaHD],[MaLH],[SoTien],[KhuyenMai]) VALUES ('HD111','LH039',5000000,NULL)
INSERT INTO [dbo].[ChiTietHD] ([MaHD],[MaLH],[SoTien],[KhuyenMai]) VALUES ('HD111','LH040',5000000,NULL)
INSERT INTO [dbo].[ChiTietHD] ([MaHD],[MaLH],[SoTien],[KhuyenMai]) VALUES ('HD112','LH039',5000000,NULL)
INSERT INTO [dbo].[ChiTietHD] ([MaHD],[MaLH],[SoTien],[KhuyenMai]) VALUES ('HD112','LH040',5000000,NULL)
INSERT INTO [dbo].[ChiTietHD] ([MaHD],[MaLH],[SoTien],[KhuyenMai]) VALUES ('HD113','LH039',5000000,NULL)
INSERT INTO [dbo].[ChiTietHD] ([MaHD],[MaLH],[SoTien],[KhuyenMai]) VALUES ('HD113','LH040',5000000,NULL)
INSERT INTO [dbo].[ChiTietHD] ([MaHD],[MaLH],[SoTien],[KhuyenMai]) VALUES ('HD114','LH039',5000000,NULL)
INSERT INTO [dbo].[ChiTietHD] ([MaHD],[MaLH],[SoTien],[KhuyenMai]) VALUES ('HD114','LH040',5000000,NULL)
INSERT INTO [dbo].[ChiTietHD] ([MaHD],[MaLH],[SoTien],[KhuyenMai]) VALUES ('HD115','LH039',5000000,NULL)
INSERT INTO [dbo].[ChiTietHD] ([MaHD],[MaLH],[SoTien],[KhuyenMai]) VALUES ('HD115','LH040',5000000,NULL)
INSERT INTO [dbo].[ChiTietHD] ([MaHD],[MaLH],[SoTien],[KhuyenMai]) VALUES ('HD116','LH039',5000000,NULL)
INSERT INTO [dbo].[ChiTietHD] ([MaHD],[MaLH],[SoTien],[KhuyenMai]) VALUES ('HD116','LH040',5000000,NULL)

INSERT INTO [dbo].[ChiTietHD] ([MaHD],[MaLH],[SoTien],[KhuyenMai]) VALUES ('HD117','LH041',3000000,NULL)
INSERT INTO [dbo].[ChiTietHD] ([MaHD],[MaLH],[SoTien],[KhuyenMai]) VALUES ('HD117','LH042',3000000,NULL)
INSERT INTO [dbo].[ChiTietHD] ([MaHD],[MaLH],[SoTien],[KhuyenMai]) VALUES ('HD118','LH041',3000000,NULL)
INSERT INTO [dbo].[ChiTietHD] ([MaHD],[MaLH],[SoTien],[KhuyenMai]) VALUES ('HD118','LH042',3000000,NULL)
INSERT INTO [dbo].[ChiTietHD] ([MaHD],[MaLH],[SoTien],[KhuyenMai]) VALUES ('HD119','LH041',3000000,NULL)
INSERT INTO [dbo].[ChiTietHD] ([MaHD],[MaLH],[SoTien],[KhuyenMai]) VALUES ('HD119','LH042',3000000,NULL)
INSERT INTO [dbo].[ChiTietHD] ([MaHD],[MaLH],[SoTien],[KhuyenMai]) VALUES ('HD120','LH041',3000000,NULL)
INSERT INTO [dbo].[ChiTietHD] ([MaHD],[MaLH],[SoTien],[KhuyenMai]) VALUES ('HD120','LH042',3000000,NULL)





